﻿Column-0,Column-1,Column-2,Column-3
,"PRICE PER 1,000 UNITS, BY MONTHLY USAGE","PRICE PER 1,000 UNITS, BY MONTHLY USAGE","PRICE PER 1,000 UNITS, BY MONTHLY USAGE"
FEATURE,"1–1,000 UNITS/MONTH","1001–5,000,000 UNITS/MONTH","5,000,001–20,000,000 UNITS/MONTH"
Label detection,Free,$1.50,$1.00
Text detection,Free,$1.50,$0.60
Safe search (explicit content) detection,Free,"Free with label detection, or $1.50","Free with label detection, or $0.60"
Facial detection,Free,$1.50,$0.60
Landmark detection,Free,$1.50,$0.60
Logo detection,Free,$1.50,$0.60
Image properties,Free,$1.50,$0.60
Crop hints,Free,"Free with image properties, or $1.50","Free with image properties, or $0.60"
Web detection,Free,$3.50,Contact Google for more information
Document text detection,Free,$1.50,$0.60
Object localizer,Free,$2.25,$1.50
