{"Packages":[{"Package":{"Id":"UiPath.UIAutomation.Activities","Version":"18.3.6844.27959"},"Assemblies":["C:\\Users\\cristina.alexandru\\.nuget\\packages\\avalonedit/5.0.3\\lib/Net40/ICSharpCode.AvalonEdit.dll","C:\\Users\\cristina.alexandru\\.nuget\\packages\\caliburn.micro/3.0.1\\lib/net45/Caliburn.Micro.Platform.Core.dll","C:\\Users\\cristina.alexandru\\.nuget\\packages\\caliburn.micro/3.0.1\\lib/net45/Caliburn.Micro.Platform.dll","C:\\Users\\cristina.alexandru\\.nuget\\packages\\caliburn.micro/3.0.1\\lib/net45/System.Windows.Interactivity.dll","C:\\Users\\cristina.alexandru\\.nuget\\packages\\caliburn.micro.core/3.0.1\\lib/net45/Caliburn.Micro.dll","C:\\Users\\cristina.alexandru\\.nuget\\packages\\extended.wpf.toolkit/2.8.0\\lib/net40/Xceed.Wpf.AvalonDock.Themes.Aero.dll","C:\\Users\\cristina.alexandru\\.nuget\\packages\\extended.wpf.toolkit/2.8.0\\lib/net40/Xceed.Wpf.AvalonDock.Themes.Metro.dll","C:\\Users\\cristina.alexandru\\.nuget\\packages\\extended.wpf.toolkit/2.8.0\\lib/net40/Xceed.Wpf.AvalonDock.Themes.VS2010.dll","C:\\Users\\cristina.alexandru\\.nuget\\packages\\extended.wpf.toolkit/2.8.0\\lib/net40/Xceed.Wpf.AvalonDock.dll","C:\\Users\\cristina.alexandru\\.nuget\\packages\\extended.wpf.toolkit/2.8.0\\lib/net40/Xceed.Wpf.DataGrid.dll","C:\\Users\\cristina.alexandru\\.nuget\\packages\\extended.wpf.toolkit/2.8.0\\lib/net40/Xceed.Wpf.Toolkit.dll","C:\\Users\\cristina.alexandru\\.nuget\\packages\\humanizer.core/2.4.2\\lib/netstandard2.0/Humanizer.dll","C:\\Users\\cristina.alexandru\\.nuget\\packages\\uipath/9.0.6844.26691\\lib/UiPath.Interop.dll","C:\\Users\\cristina.alexandru\\.nuget\\packages\\uipath.uiautomation.activities/18.3.6844.27959\\lib/net461/ActiproSoftware.Docking.Wpf.dll","C:\\Users\\cristina.alexandru\\.nuget\\packages\\uipath.uiautomation.activities/18.3.6844.27959\\lib/net461/ActiproSoftware.Editors.Wpf.dll","C:\\Users\\cristina.alexandru\\.nuget\\packages\\uipath.uiautomation.activities/18.3.6844.27959\\lib/net461/ActiproSoftware.Ribbon.Wpf.dll","C:\\Users\\cristina.alexandru\\.nuget\\packages\\uipath.uiautomation.activities/18.3.6844.27959\\lib/net461/ActiproSoftware.Shared.Wpf.dll","C:\\Users\\cristina.alexandru\\.nuget\\packages\\uipath.uiautomation.activities/18.3.6844.27959\\lib/net461/ActiproSoftware.SyntaxEditor.Addons.DotNet.Wpf.dll","C:\\Users\\cristina.alexandru\\.nuget\\packages\\uipath.uiautomation.activities/18.3.6844.27959\\lib/net461/ActiproSoftware.SyntaxEditor.Wpf.dll","C:\\Users\\cristina.alexandru\\.nuget\\packages\\uipath.uiautomation.activities/18.3.6844.27959\\lib/net461/ActiproSoftware.Text.Addons.DotNet.Wpf.dll","C:\\Users\\cristina.alexandru\\.nuget\\packages\\uipath.uiautomation.activities/18.3.6844.27959\\lib/net461/ActiproSoftware.Text.LLParser.Wpf.dll","C:\\Users\\cristina.alexandru\\.nuget\\packages\\uipath.uiautomation.activities/18.3.6844.27959\\lib/net461/ActiproSoftware.Text.Wpf.dll","C:\\Users\\cristina.alexandru\\.nuget\\packages\\uipath.uiautomation.activities/18.3.6844.27959\\lib/net461/ActiproSoftware.Wizard.Wpf.dll","C:\\Users\\cristina.alexandru\\.nuget\\packages\\uipath.uiautomation.activities/18.3.6844.27959\\lib/net461/UiPath.UIAutomation.Activities.Design.dll","C:\\Users\\cristina.alexandru\\.nuget\\packages\\uipath.uiautomation.activities/18.3.6844.27959\\lib/net461/UiPath.UiAutomation.Activities.dll","C:\\Users\\cristina.alexandru\\.nuget\\packages\\uipath.uiautomation.activities/18.3.6844.27959\\lib/net461/UiPath.Wizards.dll","C:\\Users\\cristina.alexandru\\.nuget\\packages\\uipath.vision/1.1.0\\lib/net452/UiPath.Vision.Core.dll","C:\\Users\\cristina.alexandru\\.nuget\\packages\\uipath.vision/1.1.0\\lib/net452/UiPath.Vision.Package.dll","C:\\Users\\cristina.alexandru\\.nuget\\packages\\uipath.vision/1.1.0\\lib/net452/UiPath.Vision.dll"]},{"Package":{"Id":"UiPath.System.Activities","Version":"18.3.6844.27939"},"Assemblies":["C:\\Users\\cristina.alexandru\\.nuget\\packages\\csvhelper/2.13.5\\lib/net40-client/CsvHelper.dll","C:\\Users\\cristina.alexandru\\.nuget\\packages\\microsoft.rest.clientruntime/2.3.10\\lib/net452/Microsoft.Rest.ClientRuntime.dll","C:\\Users\\cristina.alexandru\\.nuget\\packages\\newtonsoft.json/10.0.3\\lib/net45/Newtonsoft.Json.dll","C:\\Users\\cristina.alexandru\\.nuget\\packages\\uipath.system.activities/18.3.6844.27939\\lib/net461/ActiproSoftware.Docking.Wpf.dll","C:\\Users\\cristina.alexandru\\.nuget\\packages\\uipath.system.activities/18.3.6844.27939\\lib/net461/ActiproSoftware.Ribbon.Wpf.dll","C:\\Users\\cristina.alexandru\\.nuget\\packages\\uipath.system.activities/18.3.6844.27939\\lib/net461/ActiproSoftware.Shared.Wpf.dll","C:\\Users\\cristina.alexandru\\.nuget\\packages\\uipath.system.activities/18.3.6844.27939\\lib/net461/ActiproSoftware.SyntaxEditor.Addons.DotNet.Wpf.dll","C:\\Users\\cristina.alexandru\\.nuget\\packages\\uipath.system.activities/18.3.6844.27939\\lib/net461/ActiproSoftware.SyntaxEditor.Wpf.dll","C:\\Users\\cristina.alexandru\\.nuget\\packages\\uipath.system.activities/18.3.6844.27939\\lib/net461/ActiproSoftware.Text.Addons.DotNet.Wpf.dll","C:\\Users\\cristina.alexandru\\.nuget\\packages\\uipath.system.activities/18.3.6844.27939\\lib/net461/ActiproSoftware.Text.LLParser.Wpf.dll","C:\\Users\\cristina.alexandru\\.nuget\\packages\\uipath.system.activities/18.3.6844.27939\\lib/net461/ActiproSoftware.Text.Wpf.dll","C:\\Users\\cristina.alexandru\\.nuget\\packages\\uipath.system.activities/18.3.6844.27939\\lib/net461/ActiproSoftware.Wizard.Wpf.dll","C:\\Users\\cristina.alexandru\\.nuget\\packages\\uipath.system.activities/18.3.6844.27939\\lib/net461/UiPath.OrchestratorClient.dll","C:\\Users\\cristina.alexandru\\.nuget\\packages\\uipath.system.activities/18.3.6844.27939\\lib/net461/UiPath.System.Activities.Design.dll","C:\\Users\\cristina.alexandru\\.nuget\\packages\\uipath.system.activities/18.3.6844.27939\\lib/net461/UiPath.System.Activities.dll"]},{"Package":{"Id":"UiPath.Excel.Activities","Version":"2.3.6682.26635"},"Assemblies":["C:\\Users\\cristina.alexandru\\.nuget\\packages\\closedxml/0.87.1\\lib/net40/ClosedXML.dll","C:\\Users\\cristina.alexandru\\.nuget\\packages\\csvhelper/2.13.5\\lib/net40-client/CsvHelper.dll","C:\\Users\\cristina.alexandru\\.nuget\\packages\\documentformat.openxml/2.5.0\\lib/DocumentFormat.OpenXml.dll","C:\\Users\\cristina.alexandru\\.nuget\\packages\\epplus/4.0.4\\lib/net20/EPPlus.dll","C:\\Users\\cristina.alexandru\\.nuget\\packages\\npoi/2.2.1\\lib/net40/NPOI.OOXML.dll","C:\\Users\\cristina.alexandru\\.nuget\\packages\\npoi/2.2.1\\lib/net40/NPOI.OpenXml4Net.dll","C:\\Users\\cristina.alexandru\\.nuget\\packages\\npoi/2.2.1\\lib/net40/NPOI.OpenXmlFormats.dll","C:\\Users\\cristina.alexandru\\.nuget\\packages\\npoi/2.2.1\\lib/net40/NPOI.dll","C:\\Users\\cristina.alexandru\\.nuget\\packages\\sharpziplib/0.86.0\\lib/20/ICSharpCode.SharpZipLib.dll","C:\\Users\\cristina.alexandru\\.nuget\\packages\\uipath.excel.activities/2.3.6682.26635\\lib/net452/UiPath.Excel.Activities.Design.dll","C:\\Users\\cristina.alexandru\\.nuget\\packages\\uipath.excel.activities/2.3.6682.26635\\lib/net452/UiPath.Excel.Activities.dll","C:\\Users\\cristina.alexandru\\.nuget\\packages\\uipath.excel.activities/2.3.6682.26635\\lib/net452/UiPath.Excel.dll"]},{"Package":{"Id":"UiPath.Mail.Activities","Version":"1.1.6562.21018"},"Assemblies":["C:\\Users\\cristina.alexandru\\.nuget\\packages\\bouncycastle/1.8.1\\lib/BouncyCastle.Crypto.dll","C:\\Users\\cristina.alexandru\\.nuget\\packages\\microsoft.exchange.webservices/2.2.0\\lib/40/Microsoft.Exchange.WebServices.Auth.dll","C:\\Users\\cristina.alexandru\\.nuget\\packages\\microsoft.exchange.webservices/2.2.0\\lib/40/Microsoft.Exchange.WebServices.dll","C:\\Users\\cristina.alexandru\\.nuget\\packages\\uipath.mail.activities/1.1.6562.21018\\lib/net40/MailKit.dll","C:\\Users\\cristina.alexandru\\.nuget\\packages\\uipath.mail.activities/1.1.6562.21018\\lib/net40/MimeKit.dll","C:\\Users\\cristina.alexandru\\.nuget\\packages\\uipath.mail.activities/1.1.6562.21018\\lib/net40/UiPath.Mail.Activities.Design.dll","C:\\Users\\cristina.alexandru\\.nuget\\packages\\uipath.mail.activities/1.1.6562.21018\\lib/net40/UiPath.Mail.Activities.dll","C:\\Users\\cristina.alexandru\\.nuget\\packages\\uipath.mail.activities/1.1.6562.21018\\lib/net40/UiPath.Mail.dll"]}],"Conflicts":[]}