﻿Column-0,Column-1,Column-2,Column-3,Column-4,Column-5,Column-6,Column-7,Column-8,Column-9,Column-10,Column-11,Column-12,Column-13,Column-14,Column-15,Column-16,Column-17,Column-18,Column-19,Column-20,Column-21,Column-22,Column-23,Column-24,Column-25,Column-26,Column-27,Column-28,Column-29,Column-30,Column-31,Column-32,Column-33,Column-34,Column-35,Column-36,Column-37,Column-38,Column-39,Column-40,Column-41,Column-42,Column-43,Column-44,Column-45,Column-46,Column-47,Column-48,Column-49,Column-50,Column-51,Column-52,Column-53,Column-54,Column-55,Column-56,Column-57,Column-58,Column-59,Column-60,Column-61
"Marsh & McLennan Companies, Inc.",,3M,,Deloitte & Touche LLP,,New York,1B,,,Directors,United States,2.3k,Insurance Agents,Low Risk,,2.5B,3.4B,,65k,300,0,,Parent,,,Joseph,212,42.4415,6.3B,North America,Information Executive,Curcio,48B,,1.6B,,18.468201,,Public,,,212-345-5000,10036-2708,7.8558,22.1923,11.0368,14B,,6.6030002,,,,New York,,7.5B,64110302,"Insurance brokers, nec",,1871,Has Not Opted Out of Direct Marketing,
Massachusetts Mutual Life Insurance Company,,,,,,Springfield,,,,Directors,United States,2.1k,Life and Health Insurance,Low Risk,,,,mdegiule@massmutual.com,27k,3.5k,,,Parent,,,Michael,93,,,North America,Information Executive,Degiule,,,,,,,Private,,,413-788-8411,01111-0001,,,,254B,,,,,,Massachusetts,,,63119906,Life insurance carriers,,1851,Has Not Opted Out of Direct Marketing,
"Tyson Foods, Inc.",,32B,,PricewaterhouseCoopers LLP,,Springdale,270M,,,Directors,United States,3.5k,Food Manufacturing,Low Risk,,3B,4B,,121k,2.8k,,,Parent,,,James,80,12.7984,5.1B,North America,Information Executive,Dempsey,25B,,3B,,7.6276,,Public,,,479-290-4000,72762-6901,10.578,25.9082,7.5502,40B,,4.6837001,PO Box 2020,Springdale,,Arkansas,,12B,20150100,Chicken slaughtering and processing,,1935,Has Not Opted Out of Direct Marketing,
Tenet Healthcare Corporation,,22B,,Deloitte & Touche LLP,,Dallas,411M,,,Directors,United States,794,Hospitals,Low Risk,,1.6B,2.5B,zoran.draganic@tenethealth.com,126k,,-8.3332996,,Parent,,,Zoran,147,32.0701,5.8B,North America,Information Executive,Draganic,2.9B,,111M,,8.8298,,Public,,,469-893-2200,75202-2703,0.4848,,0.6061,18B,,-4.5153999,PO Box 139036,Dallas,,Texas,Nevada,687M,80620000,General medical and surgical hospitals,,1969,Has Not Opted Out of Direct Marketing,
"Cisco Systems, Inc.",,105B,,PricewaterhouseCoopers LLP,,San Jose,8.9B,,,Directors,United States,33k,Computer and Peripheral Equipment Manufacturing,Low Risk,,13B,16B,,74k,700,,,Parent,,,Greg,62,62.0446,30B,North America,Information Executive,Duncan,247B,,110M,,25.6786,,Public,,,408-526-4000,95134-1700,0.0922,0.2012,0.223,49B,,2.7579999,,,,California,California,43B,35779902,"Data conversion equipment, media-to-media: computer",,1984,Has Not Opted Out of Direct Marketing,
"Molina Healthcare, Inc.",,8B,,Ernst & Young LLP,,Long Beach,2.8B,,,Directors,United States,2.8k,Physicians and Health Practitioners,High Risk,,1.1B,1.1B,hector.estrada@molinahealthcare.com,20k,2.8k,-45,,Parent,,,Hector,152,13.3173,2.4B,North America,Information Executive,Estrada,8.1B,,707M,,5.6861,,Public,,,562-435-3666,90802-4317,9.0496,47.3861,3.7677,18B,,-5.2895002,PO Box 22813,Long Beach,,California,,1.6B,80110302,Health maintenance organization,,1980,Has Not Opted Out of Direct Marketing,
"Nike, Inc.",,22B,,PricewaterhouseCoopers LLP,,Beaverton,4.2B,,,Directors,United States,4.5k,Clothing and Apparel Manufacturing,Low Risk,,4.4B,5.2B,matthew.farrer@nike.com,73k,6k,-1.7473,,Parent,,,Matt,89,43.8388,15B,North America,Information Executive,Farrer,135B,,1.9B,,12.2125,,Public,,,503-671-6453,97005-0979,8.442,17.3995,5.3109,36B,,5.9591999,,,,Oregon,Oregon,9.8B,30210000,Rubber and plastics footwear,,1964,Has Not Opted Out of Direct Marketing,
"Rockwell Collins, Inc.",,19B,,,,Cedar Rapids,,,,Directors,United States,4.3k,Aircraft Engine and Parts Manufacturing,Low Risk,,,,robert.frank@rockwellcollins.com,70k,,,,Subsidiary,,,Robert,415,,,North America,Information Executive,Frank,,,,,,,Private,United Technologies Corporation,United States,319-295-1000,52498-0505,,,,8.6B,,,,,,Iowa,,,37280000,"Aircraft parts and equipment, nec",United Technologies Corporation,1933,Has Not Opted Out of Direct Marketing,
"Mondelez International, Inc.",,62B,,PricewaterhouseCoopers LLP,,Deerfield,1.1B,,,Directors,United States,91,Food Manufacturing,Low Risk,,3.3B,4.6B,,83k,2k,-3.6145,,Parent,,,John,117,39.9106,10B,North America,Information Executive,Gawin,71B,,3.3B,,14.2686,,Public,,,847-943-4000,60015,5.3801,13.0968,13.0349,25B,,0.1622,,,,Illinois,Virginia,25B,20229903,Processed cheese,,2000,Has Not Opted Out of Direct Marketing,
International Business Machines Corporation,,121B,,PricewaterhouseCoopers LLP,,Armonk,11B,,,Directors,United States,10k,Computer System Design Services,Low Risk,,12B,16B,john.golaszewski@us.ibm.com,381k,850,-4.1981001,,Parent,,,John,34,46.4078,36B,North America,Information Executive,Golaszewski,128B,,8.7B,,16.607599,,Public,,,914-499-1900,10504-1722,7.0178,50.7589,10.9662,79B,,0.56989998,,,,New York,New York,16B,73790200,Computer related consulting services,,1910,Has Not Opted Out of Direct Marketing,
"Molina Healthcare, Inc.",,8B,,Ernst & Young LLP,,Long Beach,2.8B,,,Directors,United States,2.8k,Physicians and Health Practitioners,High Risk,,1.1B,1.1B,rohit.gupta@molinahealthcare.com,20k,2.8k,-45,,Parent,,,Rohit,152,13.3173,2.4B,North America,Information Executive,Gupta,8.1B,,707M,,5.6861,,Public,,,562-435-3666,90802-4317,9.0496,47.3861,3.7677,18B,,-5.2895002,PO Box 22813,Long Beach,,California,,1.6B,80110302,Health maintenance organization,,1980,Has Not Opted Out of Direct Marketing,
Cigna Holding Company,,,,PricewaterhouseCoopers LLP,,Bloomfield,2.9B,,,Directors,United States,377,Life and Health Insurance,Low Risk,,,,mike.harp@cigna.com,74k,,12.1951,,Subsidiary,,,Mike,73,,,North America,Information Executive,Harp,60B,,2.2B,,,,Public,Cigna Corporation,United States,860-226-6000,06002-2920,3.6941,16.294,5.3753,41B,,4.9108,,,,Connecticut,,13B,63249902,Group hospitalization plans,Cigna Corporation,1792,Has Not Opted Out of Direct Marketing,
State Farm Mutual Automobile Insurance Company,,,,,,Bloomington,,,,Directors,United States,24k,Insurance Agents,Low Risk,,,,,68k,,,,Parent,,,Gina,36,,,North America,Information Executive,Henline,,,,,,,Private,,,309-766-2311,61710-0001,,,,39B,,,,,,Illinois,,,64110300,Insurance agents and brokers,,1922,Has Not Opted Out of Direct Marketing,
Fluor Corporation,,9.1B,,Ernst & Young LLP,,Irving,1.7B,,,Directors,United States,6.1k,Architecture and Engineering,Low Risk,,558M,775M,,56k,,-5.9200001,,Parent,,,Mike,153,3.4953,669M,North America,Information Executive,Holcomb,5.7B,,224M,,2.7233,,Public,,,469-398-7000,75039-2902,2.4651,7.1313,1.173,19B,,-1.8153,,,,Texas,Delaware,3.1B,87119903,Consulting engineer,,1912,Has Not Opted Out of Direct Marketing,
"Cisco Systems, Inc.",,105B,,PricewaterhouseCoopers LLP,,San Jose,8.9B,,,Directors,United States,33k,Computer and Peripheral Equipment Manufacturing,Low Risk,,13B,16B,,74k,700,,,Parent,,,Brian,62,62.0446,30B,North America,Information Executive,Howard,247B,,110M,,25.6786,,Public,,,408-526-4000,95134-1700,0.0922,0.2012,0.223,49B,,2.7579999,,,,California,California,43B,35779902,"Data conversion equipment, media-to-media: computer",,1984,Has Not Opted Out of Direct Marketing,
Intel Corporation,,127B,,Ernst & Young LLP,,Santa Clara,3B,,,Directors,United States,11k,Computer and Peripheral Equipment Manufacturing,Low Risk,,23B,32B,,102k,,,,Parent,,,Ravishankar,46,61.7336,43B,North America,Information Executive,Iyer,253B,,21B,,32.8083,,Public,,,408-765-8080,95054-1537,16.7611,29.0653,29.7157,70B,,12.8854,PO Box 58119,Santa Clara,,California,Delaware,74B,35770000,"Computer peripheral equipment, nec",,1968,Has Not Opted Out of Direct Marketing,
Cummins Inc.,,19B,,PricewaterhouseCoopers LLP,,Columbus,1.3B,,,Directors,United States,5.2k,Motor Vehicle Parts Manufacturing,Low Risk,,2.8B,3.5B,deepak.s.khedkar@cummins.com,62k,,6.8429999,,Parent,,,Deepak,149,24.1344,5.7B,North America,Information Executive,Khedkar,26B,,2.1B,,10.3782,,Public,,,812-377-5000,47201-6258,11.5303,29.3147,9.0068,23B,,16.364799,PO Box 3005,Columbus,,Indiana,Indiana,8.2B,37140000,Motor vehicle parts and accessories,,1919,Has Not Opted Out of Direct Marketing,
Massachusetts Mutual Life Insurance Company,,,,,,Springfield,,,,Directors,United States,2.1k,Life and Health Insurance,Low Risk,,,,amaxwell@massmutual.com,27k,3.5k,,,Parent,,,Andrew,93,,,North America,Information Executive,Maxwell,,,,,,,Private,,,413-788-8411,01111-0001,,,,254B,,,,,,Massachusetts,,,63119906,Life insurance carriers,,1851,Has Not Opted Out of Direct Marketing,
"Pepsico, Inc.",,73B,,KPMG LLP,,Purchase,8.7B,,,Directors,United States,7.2k,Food Manufacturing,Low Risk,,10B,13B,dick.millet@pepsico.com,267k,1.5k,,,Parent,,,Dick,45,54.5615,35B,North America,Information Executive,Millet,171B,,12B,,15.6354,,Public,,,914-253-2000,10577-1401,15.8944,98.6596,19.3517,64B,,1.7883,,,,New York,North Carolina,14B,20960000,Potato chips and similar snacks,,1919,Has Not Opted Out of Direct Marketing,
Dollar General Corporation,,13B,,EY,,Goodlettsville,235M,,,Directors,United States,2.5k,Department Stores,Low Risk,,2.1B,2.5B,lnewcomb@dollargeneral.com,129k,700,,,Parent,,,Loni,123,30.4541,7.8B,North America,Information Executive,Newcomb,31B,,1.5B,,8.2587,,Public,,,615-855-4000,37072-2171,12.3594,25.344,6.2028,25B,,9.1775999,,,,Tennessee,Tennessee,6.4B,53310000,Variety stores,,1939,Has Not Opted Out of Direct Marketing,
"Rockwell Collins, Inc.",,19B,,,,Cedar Rapids,,,,Directors,United States,4.3k,Aircraft Engine and Parts Manufacturing,Low Risk,,,,mdramsey@rockwellcollins.com,70k,,,,Subsidiary,,,Matt,415,,,North America,Information Executive,Ramsey,,,,,,,Private,United Technologies Corporation,United States,319-295-1000,52498-0505,,,,8.6B,,,,,,Iowa,,,37280000,"Aircraft parts and equipment, nec",United Technologies Corporation,1933,Has Not Opted Out of Direct Marketing,
Fluor Corporation,,9.1B,,Ernst & Young LLP,,Irving,1.7B,,,Directors,United States,6.1k,Architecture and Engineering,Low Risk,,558M,775M,,56k,,-5.9200001,,Parent,,,Tony,153,3.4953,669M,North America,Information Executive,Roache,5.7B,,224M,,2.7233,,Public,,,469-398-7000,75039-2902,2.4651,7.1313,1.173,19B,,-1.8153,,,,Texas,Delaware,3.1B,87119903,Consulting engineer,,1912,Has Not Opted Out of Direct Marketing,
Fluor Corporation,,9.1B,,Ernst & Young LLP,,Irving,1.7B,,,Directors,United States,6.1k,Architecture and Engineering,Low Risk,,558M,775M,,56k,,-5.9200001,,Parent,,,Sharon,153,3.4953,669M,North America,Information Executive,Rogers,5.7B,,224M,,2.7233,,Public,,,469-398-7000,75039-2902,2.4651,7.1313,1.173,19B,,-1.8153,,,,Texas,Delaware,3.1B,87119903,Consulting engineer,,1912,Has Not Opted Out of Direct Marketing,
ABM Industries Incorporated,,3.6B,,KPMG LLP,,New York,39M,,,Directors,United States,161,Building and Dwelling Services,Low Risk,,141M,306M,won.roh@abm.com,140k,,0,,Parent,,,Won,498,10.7851,694M,North America,Information Executive,Roh,2.4B,,97M,,2.9617,,Public,,,212-297-0200,10006-1417,2.629,6.9107,1.5181,6.4B,,18.127501,,,,New York,,1.4B,73490104,"Janitorial service, contract basis",,1909,Has Not Opted Out of Direct Marketing,
Massachusetts Mutual Life Insurance Company,,,,,,Springfield,,,,Directors,United States,2.1k,Life and Health Insurance,Low Risk,,,,kschoen@massmutual.com,27k,3.5k,,,Parent,,,Kevin,93,,,North America,Information Executive,Schoen,,,,,,,Private,,,413-788-8411,01111-0001,,,,254B,,,,,,Massachusetts,,,63119906,Life insurance carriers,,1851,Has Not Opted Out of Direct Marketing,
Dollar General Corporation,,13B,,EY,,Goodlettsville,235M,,,Directors,United States,2.5k,Department Stores,Low Risk,,2.1B,2.5B,,129k,700,,,Parent,,,Claude,123,30.4541,7.8B,North America,Information Executive,Stagg,31B,,1.5B,,8.2587,,Public,,,615-855-4000,37072-2171,12.3594,25.344,6.2028,25B,,9.1775999,,,,Tennessee,Tennessee,6.4B,53310000,Variety stores,,1939,Has Not Opted Out of Direct Marketing,
"H&R Block, Inc.",,2.2B,,Deloitte & Touche LLP,,Kansas City,1.5B,,,Directors,United States,443,Accounting and Tax Preparation,Low Risk,,758M,941M,dtribble@hrblock.com,93k,300,17.3913,,Parent,,,David,726,44.9441,1.4B,North America,Information Executive,Tribble,5.2B,,613M,,23.799601,,Public,,,816-854-3000,64105-1905,21.016,368.448,19.4039,3.1B,,4.0713,,,,Missouri,Missouri,393M,72910000,Tax return preparation services,,1955,Has Not Opted Out of Direct Marketing,
Massachusetts Mutual Life Insurance Company,,,,,,Springfield,,,,Directors,United States,2.1k,Life and Health Insurance,Low Risk,,,,etrout@massmutual.com,27k,3.5k,,,Parent,,,Eric,93,,,North America,Information Executive,Trout,,,,,,,Private,,,413-788-8411,01111-0001,,,,254B,,,,,,Massachusetts,,,63119906,Life insurance carriers,,1851,Has Not Opted Out of Direct Marketing,
"Universal Health Services, Inc.",,11B,,PricewaterhouseCoopers LLP,,King Of Prussia,105M,,,Directors,United States,863,Hospitals,Low Risk,,1.1B,1.6B,bwalter@uhsinc.com,76k,75,13.7076,,Parent,,,Bob,268,40.373,4.3B,North America,Information Executive,Walter,12B,,779M,,10.9101,,Public,,,610-768-3300,19406-3121,7.0695,15.004,7.2279,10B,,3.4814,PO Box 61558,King Of Prussia,,Pennsylvania,,5.4B,80620000,General medical and surgical hospitals,,1978,Has Not Opted Out of Direct Marketing,
Tenet Healthcare Corporation,,22B,,Deloitte & Touche LLP,,Dallas,411M,,,Directors,United States,794,Hospitals,Low Risk,,1.6B,2.5B,suzanne.webb@tenethealth.com,126k,,-8.3332996,,Parent,,,Suzanne,147,32.0701,5.8B,North America,Information Executive,Webb,2.9B,,111M,,8.8298,,Public,,,469-893-2200,75202-2703,0.4848,,0.6061,18B,,-4.5153999,PO Box 139036,Dallas,,Texas,Nevada,687M,80620000,General medical and surgical hospitals,,1969,Has Not Opted Out of Direct Marketing,
"United Parcel Service, Inc.",,46B,,Deloitte & Touche LLP,,Atlanta,4.2B,,,Directors,United States,5.3k,"Postal, Shipping and Messengers",Low Risk,,6.6B,9.2B,t.westberg@ups.com,454k,1.7k,5.9471002,,Parent,,,Todd,44,17.3794,12B,North America,Information Executive,Westberg,98B,,4.7B,,9.7744,,Public,,,404-828-6000,30328-3474,10.0241,238.655,6.667,71B,,7.9236999,,,,Georgia,,3B,45139901,"Letter delivery, private air",,1907,Has Not Opted Out of Direct Marketing,
Fluor Corporation,,9.1B,,Ernst & Young LLP,,Irving,1.7B,,,Directors,United States,6.1k,Architecture and Engineering,Low Risk,,558M,775M,,56k,,-5.9200001,,Parent,,,Kent,153,3.4953,669M,North America,Information Executive,Wiedel,5.7B,,224M,,2.7233,,Public,,,469-398-7000,75039-2902,2.4651,7.1313,1.173,19B,,-1.8153,,,,Texas,Delaware,3.1B,87119903,Consulting engineer,,1912,Has Not Opted Out of Direct Marketing,
"Rockwell Collins, Inc.",,19B,,,,Cedar Rapids,,,,Directors,United States,4.3k,Aircraft Engine and Parts Manufacturing,Low Risk,,,,jgmiller@rockwellcollins.com,70k,,,,Subsidiary,,,Jason,415,,,North America,Network Management Executive,Miller,,,,,,,Private,United Technologies Corporation,United States,319-295-1000,52498-0505,,,,8.6B,,,,,,Iowa,,,37280000,"Aircraft parts and equipment, nec",United Technologies Corporation,1933,Has Not Opted Out of Direct Marketing,
Fluor Corporation,,9.1B,,Ernst & Young LLP,,Irving,1.7B,,,Directors,United States,6.1k,Architecture and Engineering,Low Risk,,558M,775M,,56k,,-5.9200001,,Parent,,,Felix,153,3.4953,669M,North America,Engineering/Technical Executive,Alvarado,5.7B,,224M,,2.7233,,Public,,,469-398-7000,75039-2902,2.4651,7.1313,1.173,19B,,-1.8153,,,,Texas,Delaware,3.1B,87119903,Consulting engineer,,1912,Has Not Opted Out of Direct Marketing,
Whirlpool Corporation,,18B,,Ernst & Young LLP,,Benton Harbor,1.4B,,,Directors,United States,5.3k,Electrical Equipment and Appliances Manufacturing,Low Risk,,171M,1.8B,,92k,2.2k,0,,Parent,,,Ken,140,16.8132,3.5B,North America,Engineering/Technical Executive,Austin,8.8B,,-183M,,6.0512,,Public,,,269-923-5000,49022-2632,-0.9535,-5.6403,-0.8699,21B,,-1.0163,,,,Michigan,,3.2B,36330000,Household laundry equipment,,1898,Has Not Opted Out of Direct Marketing,
International Business Machines Corporation,,121B,,PricewaterhouseCoopers LLP,,Armonk,11B,,,Directors,United States,10k,Computer System Design Services,Low Risk,,12B,16B,,381k,850,-4.1981001,,Parent,,,Adam,34,46.4078,36B,North America,Engineering/Technical Executive,Bane,128B,,8.7B,,16.607599,,Public,,,914-499-1900,10504-1722,7.0178,50.7589,10.9662,79B,,0.56989998,,,,New York,New York,16B,73790200,Computer related consulting services,,1910,Has Not Opted Out of Direct Marketing,
"Nike, Inc.",,22B,,PricewaterhouseCoopers LLP,,Beaverton,4.2B,,,Directors,United States,4.5k,Clothing and Apparel Manufacturing,Low Risk,,4.4B,5.2B,laurie.bassett@nike.com,73k,6k,-1.7473,,Parent,,,Laurie,89,43.8388,15B,North America,Engineering/Technical Executive,Bassett,135B,,1.9B,,12.2125,,Public,,,503-671-6453,97005-0979,8.442,17.3995,5.3109,36B,,5.9591999,,,,Oregon,Oregon,9.8B,30210000,Rubber and plastics footwear,,1964,Has Not Opted Out of Direct Marketing,
Cigna Holding Company,,,,PricewaterhouseCoopers LLP,,Bloomfield,2.9B,,,Directors,United States,377,Life and Health Insurance,Low Risk,,,,ron.brooks@cigna.com,74k,,12.1951,,Subsidiary,,,Ron,73,,,North America,Engineering/Technical Executive,Brooks,60B,,2.2B,,,,Public,Cigna Corporation,United States,860-226-6000,06002-2920,3.6941,16.294,5.3753,41B,,4.9108,,,,Connecticut,,13B,63249902,Group hospitalization plans,Cigna Corporation,1792,Has Not Opted Out of Direct Marketing,
"Cisco Systems, Inc.",,105B,,PricewaterhouseCoopers LLP,,San Jose,8.9B,,,Directors,United States,33k,Computer and Peripheral Equipment Manufacturing,Low Risk,,13B,16B,,74k,700,,,Parent,,,Pat,62,62.0446,30B,North America,Engineering/Technical Executive,Das,247B,Tittiranonda,110M,,25.6786,,Public,,,408-526-4000,95134-1700,0.0922,0.2012,0.223,49B,,2.7579999,,,,California,California,43B,35779902,"Data conversion equipment, media-to-media: computer",,1984,Has Not Opted Out of Direct Marketing,
"Marriott International, Inc.",,23B,,Ernst & Young LLP,,Bethesda,316M,,,Directors,United States,9.1k,Hotels and Accommodation,Low Risk,,2.6B,3.1B,,176k,3k,-0.565,,Parent,,,Richard,127,17.6992,3.6B,North America,Engineering/Technical Executive,De La Cerda,45B,,1.9B,,12.1447,,Public,,,301-380-3000,20817-1102,8.0224,65.6794,9.1868,20B,,1.4962,,,,Maryland,,2.2B,70110300,Hotels,,1927,Has Not Opted Out of Direct Marketing,
"Marriott International, Inc.",,23B,,Ernst & Young LLP,,Bethesda,316M,,,Directors,United States,9.1k,Hotels and Accommodation,Low Risk,,2.6B,3.1B,,176k,3k,-0.565,,Parent,,,David,127,17.6992,3.6B,North America,Engineering/Technical Executive,De Seve,45B,,1.9B,,12.1447,,Public,,,301-380-3000,20817-1102,8.0224,65.6794,9.1868,20B,,1.4962,,,,Maryland,,2.2B,70110300,Hotels,,1927,Has Not Opted Out of Direct Marketing,
"H&R Block, Inc.",,2.2B,,Deloitte & Touche LLP,,Kansas City,1.5B,,,Directors,United States,443,Accounting and Tax Preparation,Low Risk,,758M,941M,kyle.donaldson@hrblock.com,93k,300,17.3913,,Parent,,,Kyle,726,44.9441,1.4B,North America,Engineering/Technical Executive,Donaldson,5.2B,,613M,,23.799601,,Public,,,816-854-3000,64105-1905,21.016,368.448,19.4039,3.1B,,4.0713,,,,Missouri,Missouri,393M,72910000,Tax return preparation services,,1955,Has Not Opted Out of Direct Marketing,
Kohl's Corporation,,14B,,Ernst & Young LLP,,Menomonee Falls,934M,,,Directors,United States,3.9k,Department Stores,Low Risk,,1.2B,2.4B,,138k,700,,,Parent,,,Kennedy,157,39.6955,8B,North America,Engineering/Technical Executive,Doug,11B,,801M,,7.2421,,Public,,,262-703-7000,53051-5660,6.1954,14.6355,3.9597,20B,,0.722,,,,Wisconsin,Wisconsin,5.5B,53119902,"Department stores, non-discount",,1962,Has Not Opted Out of Direct Marketing,
Intel Corporation,,127B,,Ernst & Young LLP,,Santa Clara,3B,,,Directors,United States,11k,Computer and Peripheral Equipment Manufacturing,Low Risk,,23B,32B,,102k,,,,Parent,,,Pradeep,46,61.7336,43B,North America,Engineering/Technical Executive,Dubey,253B,,21B,,32.8083,,Public,,,408-765-8080,95054-1537,16.7611,29.0653,29.7157,70B,,12.8854,PO Box 58119,Santa Clara,,California,Delaware,74B,35770000,"Computer peripheral equipment, nec",,1968,Has Not Opted Out of Direct Marketing,
Fluor Corporation,,9.1B,,Ernst & Young LLP,,Irving,1.7B,,,Directors,United States,6.1k,Architecture and Engineering,Low Risk,,558M,775M,,56k,,-5.9200001,,Parent,,,Philip,153,3.4953,669M,North America,Engineering/Technical Executive,Hammond,5.7B,,224M,,2.7233,,Public,,,469-398-7000,75039-2902,2.4651,7.1313,1.173,19B,,-1.8153,,,,Texas,Delaware,3.1B,87119903,Consulting engineer,,1912,Has Not Opted Out of Direct Marketing,
"Cisco Systems, Inc.",,105B,,PricewaterhouseCoopers LLP,,San Jose,8.9B,,,Directors,United States,33k,Computer and Peripheral Equipment Manufacturing,Low Risk,,13B,16B,,74k,700,,,Parent,,,Larry,62,62.0446,30B,North America,Engineering/Technical Executive,Ho,247B,,110M,,25.6786,,Public,,,408-526-4000,95134-1700,0.0922,0.2012,0.223,49B,,2.7579999,,,,California,California,43B,35779902,"Data conversion equipment, media-to-media: computer",,1984,Has Not Opted Out of Direct Marketing,
"United Parcel Service, Inc.",,46B,,Deloitte & Touche LLP,,Atlanta,4.2B,,,Directors,United States,5.3k,"Postal, Shipping and Messengers",Low Risk,,6.6B,9.2B,j.hostetler@ups.com,454k,1.7k,5.9471002,,Parent,,,Jayne,44,17.3794,12B,North America,Engineering/Technical Executive,Hostetler,98B,,4.7B,,9.7744,,Public,,,404-828-6000,30328-3474,10.0241,238.655,6.667,71B,,7.9236999,,,,Georgia,,3B,45139901,"Letter delivery, private air",,1907,Has Not Opted Out of Direct Marketing,
Omnicom Group Inc.,,24B,,KPMG LLP,,New York,3.6B,,,Directors,United States,165,Advertising Services,Low Risk,,2.1B,2.4B,elyse.johnson@omnicommediagroup.com,77k,62,-8.9263,,Parent,,,Elyse,188,18.6584,2.8B,North America,Engineering/Technical Executive,Johnson,16B,,1.3B,,13.9534,,Public,,,212-415-3600,10022-7001,5.354,51.3889,8.6748,15B,,0.1087,,,,New York,New York,3.1B,73110000,Advertising agencies,,1944,Has Not Opted Out of Direct Marketing,
"Cisco Systems, Inc.",,105B,,PricewaterhouseCoopers LLP,,San Jose,8.9B,,,Directors,United States,33k,Computer and Peripheral Equipment Manufacturing,Low Risk,,13B,16B,,74k,700,,,Parent,,,Ken,62,62.0446,30B,North America,Engineering/Technical Executive,Key,247B,,110M,,25.6786,,Public,,,408-526-4000,95134-1700,0.0922,0.2012,0.223,49B,,2.7579999,,,,California,California,43B,35779902,"Data conversion equipment, media-to-media: computer",,1984,Has Not Opted Out of Direct Marketing,
"Cisco Systems, Inc.",,105B,,PricewaterhouseCoopers LLP,,San Jose,8.9B,,,Directors,United States,33k,Computer and Peripheral Equipment Manufacturing,Low Risk,,13B,16B,,74k,700,,,Parent,,,Danny,62,62.0446,30B,North America,Engineering/Technical Executive,Khoo,247B,,110M,,25.6786,,Public,,,408-526-4000,95134-1700,0.0922,0.2012,0.223,49B,,2.7579999,,,,California,California,43B,35779902,"Data conversion equipment, media-to-media: computer",,1984,Has Not Opted Out of Direct Marketing,
Fluor Corporation,,9.1B,,Ernst & Young LLP,,Irving,1.7B,,,Directors,United States,6.1k,Architecture and Engineering,Low Risk,,558M,775M,,56k,,-5.9200001,,Parent,,,Henry,153,3.4953,669M,North America,Engineering/Technical Executive,Kister,5.7B,Z,224M,,2.7233,,Public,,,469-398-7000,75039-2902,2.4651,7.1313,1.173,19B,,-1.8153,,,,Texas,Delaware,3.1B,87119903,Consulting engineer,,1912,Has Not Opted Out of Direct Marketing,
Fluor Corporation,,9.1B,,Ernst & Young LLP,,Irving,1.7B,,,Directors,United States,6.1k,Architecture and Engineering,Low Risk,,558M,775M,,56k,,-5.9200001,,Parent,,,Rick,153,3.4953,669M,North America,Engineering/Technical Executive,Knoles,5.7B,,224M,,2.7233,,Public,,,469-398-7000,75039-2902,2.4651,7.1313,1.173,19B,,-1.8153,,,,Texas,Delaware,3.1B,87119903,Consulting engineer,,1912,Has Not Opted Out of Direct Marketing,
"Lowe's Companies, Inc.",,37B,,Deloitte & Touche LLP,,Mooresville,588M,,,Directors,United States,5.3k,Home and Garden Retail,Medium Risk,,6.1B,8.1B,,310k,2.3k,,,Parent,,,David,40,34.1145,23B,North America,Engineering/Technical Executive,Koerner,92B,,3.4B,,9.5979,,Public,,,704-758-1000,28117-8520,9.8595,55.8381,5.0074,68B,,5.5401001,PO Box 1000,Mooresville,,North Carolina,North Carolina,5.8B,52110000,Lumber and other building materials,,1946,Has Not Opted Out of Direct Marketing,
"Nike, Inc.",,22B,,PricewaterhouseCoopers LLP,,Beaverton,4.2B,,,Directors,United States,4.5k,Clothing and Apparel Manufacturing,Low Risk,,4.4B,5.2B,ganesh.krishnamurthy@nike.com,73k,6k,-1.7473,,Parent,,,Ganesh,89,43.8388,15B,North America,Engineering/Technical Executive,Krishnamurthy,135B,,1.9B,,12.2125,,Public,,,503-671-6453,97005-0979,8.442,17.3995,5.3109,36B,,5.9591999,,,,Oregon,Oregon,9.8B,30210000,Rubber and plastics footwear,,1964,Has Not Opted Out of Direct Marketing,
"Marriott International, Inc.",,23B,,Ernst & Young LLP,,Bethesda,316M,,,Directors,United States,9.1k,Hotels and Accommodation,Low Risk,,2.6B,3.1B,,176k,3k,-0.565,,Parent,,,Richard,127,17.6992,3.6B,North America,Engineering/Technical Executive,Lau,45B,,1.9B,,12.1447,,Public,,,301-380-3000,20817-1102,8.0224,65.6794,9.1868,20B,,1.4962,,,,Maryland,,2.2B,70110300,Hotels,,1927,Has Not Opted Out of Direct Marketing,
"Cisco Systems, Inc.",,105B,,PricewaterhouseCoopers LLP,,San Jose,8.9B,,,Directors,United States,33k,Computer and Peripheral Equipment Manufacturing,Low Risk,,13B,16B,,74k,700,,,Parent,,,Dan,62,62.0446,30B,North America,Engineering/Technical Executive,Li,247B,,110M,,25.6786,,Public,,,408-526-4000,95134-1700,0.0922,0.2012,0.223,49B,,2.7579999,,,,California,California,43B,35779902,"Data conversion equipment, media-to-media: computer",,1984,Has Not Opted Out of Direct Marketing,
"Nordstrom, Inc.",,8.7B,,Deloitte & Touche LLP,,Seattle,957M,,,Directors,United States,2.6k,Clothing and Apparel Stores,Low Risk,,852M,1.5B,,71k,,,,Parent,,,Rajaraaman,183,35.971,5.7B,North America,Engineering/Technical Executive,Muralimanoharan,6.7B,,564M,,5.2774,,Public,,,206-628-2111,98101-1707,7.0496,60.973,3.5561,15B,,2.4679999,,,,Washington,Washington,873M,56510000,Family clothing stores,,1901,Has Not Opted Out of Direct Marketing,
The Brink's Company,,3.1B,,Deloitte & Touche LLP,,Richmond,343M,,,Directors,United States,460,Investigation and Security Services,High Risk,,109M,408M,,62k,75,0.1605,,Parent,,,Jason,692,22.5171,785M,North America,Engineering/Technical Executive,Murphy,3.9B,,-33M,,7.9939,,Public,,,804-289-9600,23226-3771,-1.0579,-14.1371,-0.9545,3.4B,,4.2396002,PO Box 18100,Richmond,,Virginia,Virginia,166M,73829901,Burglar alarm maintenance and monitoring,,1859,Has Not Opted Out of Direct Marketing,
Tenet Healthcare Corporation,,22B,,Deloitte & Touche LLP,,Dallas,411M,,,Directors,United States,794,Hospitals,Low Risk,,1.6B,2.5B,guy.neel@tenethealth.com,126k,,-8.3332996,,Parent,,,Guy,147,32.0701,5.8B,North America,Engineering/Technical Executive,Neel,2.9B,,111M,,8.8298,,Public,,,469-893-2200,75202-2703,0.4848,,0.6061,18B,,-4.5153999,PO Box 139036,Dallas,,Texas,Nevada,687M,80620000,General medical and surgical hospitals,,1969,Has Not Opted Out of Direct Marketing,
"Cisco Systems, Inc.",,105B,,PricewaterhouseCoopers LLP,,San Jose,8.9B,,,Directors,United States,33k,Computer and Peripheral Equipment Manufacturing,Low Risk,,13B,16B,,74k,700,,,Parent,,,Mike,62,62.0446,30B,North America,Engineering/Technical Executive,Perry,247B,,110M,,25.6786,,Public,,,408-526-4000,95134-1700,0.0922,0.2012,0.223,49B,,2.7579999,,,,California,California,43B,35779902,"Data conversion equipment, media-to-media: computer",,1984,Has Not Opted Out of Direct Marketing,
Whirlpool Corporation,,18B,,Ernst & Young LLP,,Benton Harbor,1.4B,,,Directors,United States,5.3k,Electrical Equipment and Appliances Manufacturing,Low Risk,,171M,1.8B,,92k,2.2k,0,,Parent,,,Scott,140,16.8132,3.5B,North America,Engineering/Technical Executive,Rayon,8.8B,,-183M,,6.0512,,Public,,,269-923-5000,49022-2632,-0.9535,-5.6403,-0.8699,21B,,-1.0163,,,,Michigan,,3.2B,36330000,Household laundry equipment,,1898,Has Not Opted Out of Direct Marketing,
"Marriott International, Inc.",,23B,,Ernst & Young LLP,,Bethesda,316M,,,Directors,United States,9.1k,Hotels and Accommodation,Low Risk,,2.6B,3.1B,,176k,3k,-0.565,,Parent,,,Randy,127,17.6992,3.6B,North America,Engineering/Technical Executive,Rice,45B,,1.9B,,12.1447,,Public,,,301-380-3000,20817-1102,8.0224,65.6794,9.1868,20B,,1.4962,,,,Maryland,,2.2B,70110300,Hotels,,1927,Has Not Opted Out of Direct Marketing,
Twdc Enterprises 18 Corp.,,99B,,PricewaterhouseCoopers LLP,,Burbank,4.1B,,,Directors,United States,4.4k,Broadcasting and Media,Low Risk,,15B,17B,,199k,,,,Subsidiary,,,Timothy,55,44.9372,26B,North America,Engineering/Technical Executive,Richards,233B,,12B,,24.9638,,Public,The Walt Disney Company,United States,818-560-1000,91521-0001,12.9618,27.9682,21.1966,59B,,7.7933002,,,,California,California,52B,48330000,Television broadcasting stations,The Walt Disney Company,1925,Has Not Opted Out of Direct Marketing,
Fluor Corporation,,9.1B,,Ernst & Young LLP,,Irving,1.7B,,,Directors,United States,6.1k,Architecture and Engineering,Low Risk,,558M,775M,,56k,,-5.9200001,,Parent,,,Morgan,153,3.4953,669M,North America,Engineering/Technical Executive,Rodwell,5.7B,,224M,,2.7233,,Public,,,469-398-7000,75039-2902,2.4651,7.1313,1.173,19B,,-1.8153,,,,Texas,Delaware,3.1B,87119903,Consulting engineer,,1912,Has Not Opted Out of Direct Marketing,
"Marriott International, Inc.",,23B,,Ernst & Young LLP,,Bethesda,316M,,,Directors,United States,9.1k,Hotels and Accommodation,Low Risk,,2.6B,3.1B,,176k,3k,-0.565,,Parent,,,Jon,127,17.6992,3.6B,North America,Engineering/Technical Executive,Ryan,45B,,1.9B,,12.1447,,Public,,,301-380-3000,20817-1102,8.0224,65.6794,9.1868,20B,,1.4962,,,,Maryland,,2.2B,70110300,Hotels,,1927,Has Not Opted Out of Direct Marketing,
Intel Corporation,,127B,,Ernst & Young LLP,,Santa Clara,3B,,,Directors,United States,11k,Computer and Peripheral Equipment Manufacturing,Low Risk,,23B,32B,,102k,,,,Parent,,,Rajesh,46,61.7336,43B,North America,Engineering/Technical Executive,Sankaran,253B,,21B,,32.8083,,Public,,,408-765-8080,95054-1537,16.7611,29.0653,29.7157,70B,,12.8854,PO Box 58119,Santa Clara,,California,Delaware,74B,35770000,"Computer peripheral equipment, nec",,1968,Has Not Opted Out of Direct Marketing,
"Cisco Systems, Inc.",,105B,,PricewaterhouseCoopers LLP,,San Jose,8.9B,,,Directors,United States,33k,Computer and Peripheral Equipment Manufacturing,Low Risk,,13B,16B,,74k,700,,,Parent,,,David,62,62.0446,30B,North America,Engineering/Technical Executive,Schwartz,247B,,110M,,25.6786,,Public,,,408-526-4000,95134-1700,0.0922,0.2012,0.223,49B,,2.7579999,,,,California,California,43B,35779902,"Data conversion equipment, media-to-media: computer",,1984,Has Not Opted Out of Direct Marketing,
Fluor Corporation,,9.1B,,Ernst & Young LLP,,Irving,1.7B,,,Directors,United States,6.1k,Architecture and Engineering,Low Risk,,558M,775M,,56k,,-5.9200001,,Parent,,,Patrick,153,3.4953,669M,North America,Engineering/Technical Executive,Stang,5.7B,,224M,,2.7233,,Public,,,469-398-7000,75039-2902,2.4651,7.1313,1.173,19B,,-1.8153,,,,Texas,Delaware,3.1B,87119903,Consulting engineer,,1912,Has Not Opted Out of Direct Marketing,
"Cisco Systems, Inc.",,105B,,PricewaterhouseCoopers LLP,,San Jose,8.9B,,,Directors,United States,33k,Computer and Peripheral Equipment Manufacturing,Low Risk,,13B,16B,,74k,700,,,Parent,,,Srikrishnan,62,62.0446,30B,North America,Engineering/Technical Executive,Subramanian,247B,,110M,,25.6786,,Public,,,408-526-4000,95134-1700,0.0922,0.2012,0.223,49B,,2.7579999,,,,California,California,43B,35779902,"Data conversion equipment, media-to-media: computer",,1984,Has Not Opted Out of Direct Marketing,
"Cisco Systems, Inc.",,105B,,PricewaterhouseCoopers LLP,,San Jose,8.9B,,,Directors,United States,33k,Computer and Peripheral Equipment Manufacturing,Low Risk,,13B,16B,,74k,700,,,Parent,,,Nagy,62,62.0446,30B,North America,Engineering/Technical Executive,Swaminathan,247B,,110M,,25.6786,,Public,,,408-526-4000,95134-1700,0.0922,0.2012,0.223,49B,,2.7579999,,,,California,California,43B,35779902,"Data conversion equipment, media-to-media: computer",,1984,Has Not Opted Out of Direct Marketing,
"Tyson Foods, Inc.",,32B,,PricewaterhouseCoopers LLP,,Springdale,270M,,,Directors,United States,3.5k,Food Manufacturing,Low Risk,,3B,4B,,121k,2.8k,,,Parent,,,Jeff,80,12.7984,5.1B,North America,Engineering/Technical Executive,Taylor,25B,,3B,,7.6276,,Public,,,479-290-4000,72762-6901,10.578,25.9082,7.5502,40B,,4.6837001,PO Box 2020,Springdale,,Arkansas,,12B,20150100,Chicken slaughtering and processing,,1935,Has Not Opted Out of Direct Marketing,
Fluor Corporation,,9.1B,,Ernst & Young LLP,,Irving,1.7B,,,Directors,United States,6.1k,Architecture and Engineering,Low Risk,,558M,775M,annika.toenniessen@fluor.com,56k,,-5.9200001,,Parent,,,Annika,153,3.4953,669M,North America,Engineering/Technical Executive,Toenniessen,5.7B,,224M,,2.7233,,Public,,,469-398-7000,75039-2902,2.4651,7.1313,1.173,19B,,-1.8153,,,,Texas,Delaware,3.1B,87119903,Consulting engineer,,1912,Has Not Opted Out of Direct Marketing,
Twdc Enterprises 18 Corp.,,99B,,PricewaterhouseCoopers LLP,,Burbank,4.1B,,,Directors,United States,4.4k,Broadcasting and Media,Low Risk,,15B,17B,,199k,,,,Subsidiary,,,Sean,55,44.9372,26B,North America,Engineering/Technical Executive,Treat,233B,,12B,,24.9638,,Public,The Walt Disney Company,United States,818-560-1000,91521-0001,12.9618,27.9682,21.1966,59B,,7.7933002,,,,California,California,52B,48330000,Television broadcasting stations,The Walt Disney Company,1925,Has Not Opted Out of Direct Marketing,
"Lowe's Companies, Inc.",,37B,,Deloitte & Touche LLP,,Mooresville,588M,,,Directors,United States,5.3k,Home and Garden Retail,Medium Risk,,6.1B,8.1B,,310k,2.3k,,,Parent,,,Mike,40,34.1145,23B,North America,Engineering/Technical Executive,Voelker,92B,,3.4B,,9.5979,,Public,,,704-758-1000,28117-8520,9.8595,55.8381,5.0074,68B,,5.5401001,PO Box 1000,Mooresville,,North Carolina,North Carolina,5.8B,52110000,Lumber and other building materials,,1946,Has Not Opted Out of Direct Marketing,
"Cisco Systems, Inc.",,105B,,PricewaterhouseCoopers LLP,,San Jose,8.9B,,,Directors,United States,33k,Computer and Peripheral Equipment Manufacturing,Low Risk,,13B,16B,,74k,700,,,Parent,,,Joe,62,62.0446,30B,North America,Engineering/Technical Executive,Weppner,247B,,110M,,25.6786,,Public,,,408-526-4000,95134-1700,0.0922,0.2012,0.223,49B,,2.7579999,,,,California,California,43B,35779902,"Data conversion equipment, media-to-media: computer",,1984,Has Not Opted Out of Direct Marketing,
Fluor Corporation,,9.1B,,Ernst & Young LLP,,Irving,1.7B,,,Directors,United States,6.1k,Architecture and Engineering,Low Risk,,558M,775M,,56k,,-5.9200001,,Parent,,,Richard,153,3.4953,669M,North America,Engineering/Technical Executive,Whipple,5.7B,,224M,,2.7233,,Public,,,469-398-7000,75039-2902,2.4651,7.1313,1.173,19B,,-1.8153,,,,Texas,Delaware,3.1B,87119903,Consulting engineer,,1912,Has Not Opted Out of Direct Marketing,
"Cisco Systems, Inc.",,105B,,PricewaterhouseCoopers LLP,,San Jose,8.9B,,,Directors,United States,33k,Computer and Peripheral Equipment Manufacturing,Low Risk,,13B,16B,,74k,700,,,Parent,,,Dusko,62,62.0446,30B,North America,Engineering/Technical Executive,Zgonjanin,247B,,110M,,25.6786,,Public,,,408-526-4000,95134-1700,0.0922,0.2012,0.223,49B,,2.7579999,,,,California,California,43B,35779902,"Data conversion equipment, media-to-media: computer",,1984,Has Not Opted Out of Direct Marketing,
"Nike, Inc.",,22B,,PricewaterhouseCoopers LLP,,Beaverton,4.2B,,,Directors,United States,4.5k,Clothing and Apparel Manufacturing,Low Risk,,4.4B,5.2B,vanessa.garcia-brito@nike.com,73k,6k,-1.7473,,Parent,,,Vanessa,89,43.8388,15B,North America,Partner,Brito,135B,Garcia,1.9B,,12.2125,,Public,,,503-671-6453,97005-0979,8.442,17.3995,5.3109,36B,,5.9591999,,,,Oregon,Oregon,9.8B,30210000,Rubber and plastics footwear,,1964,Has Not Opted Out of Direct Marketing,
Pfizer Inc.,,167B,,KPMG LLP,,New York,1.1B,,,Directors,United States,10k,Pharmaceutical Manufacturing,Low Risk,,13B,23B,larry.andress@pfizer.com,90k,2.5k,2.4389999,,Parent,,Pharmaceuticals,Larry,57,79.0333,42B,North America,Director/Board Member,Andress,231B,,11B,,28.044399,,Public,,,212-733-2323,10017-5703,6.7339,16.5614,20.7877,53B,,2.0953,,,,New York,,63B,28330300,Antibiotics,,1942,Has Not Opted Out of Direct Marketing,
U.S. Bancorp,,,,Ernst & Young LLP,,Minneapolis,21B,,,Directors,United States,7k,Banking,Low Risk,,,,lawrence.a.baerveldt@usbank.com,72k,400,1.2859,,Parent,,,Lawrence,122,,,North America,Director/Board Member,Baerveldt,80B,,7B,,,,Public,,,651-466-3000,55402-7014,1.4598,15.3024,30.123,25B,,3.7978001,,,,Minnesota,,51B,60210000,National commercial banks,,1929,Has Not Opted Out of Direct Marketing,
Massachusetts Mutual Life Insurance Company,,,,,,Springfield,,,,Directors,United States,2.1k,Life and Health Insurance,Low Risk,,,,hannabelanger@massmutual.com,27k,3.5k,,,Parent,,,Hanna,93,,,North America,Director/Board Member,Belanger,,,,,,,Private,,,413-788-8411,01111-0001,,,,254B,,,,,,Massachusetts,,,63119906,Life insurance carriers,,1851,Has Not Opted Out of Direct Marketing,
Aramark,,13B,,KPMG LLP,,Philadelphia,215M,,,Directors,United States,2k,Restaurants and Bars,Low Risk,,824M,1.4B,bendel-daniel@aramark.com,260k,500,,,Parent,,,Daniel,200,11.3964,1.7B,North America,Director/Board Member,Bendel,7.6B,,567M,,5.2321,,Public,,,215-238-3000,19107-2934,4.5934,20.6932,3.5966,15B,,8.1155005,,,,Pennsylvania,,3B,58129906,Contract food services,,1959,Has Not Opted Out of Direct Marketing,
The TJX Companies Inc,,15B,,PricewaterhouseCoopers LLP,,Framingham,2.7B,,,Directors,United States,1.8k,Department Stores,Low Risk,,3.9B,4.7B,joan_brassil@tjx.com,249k,1.8k,,,Parent,,,Joan,85,28.8933,10B,North America,Director/Board Member,Brassil,65B,,2.6B,,11.118,,Public,,,508-390-1000,01701-4666,19.3598,54.0009,7.2716,35B,,8.0790005,PO Box 9133,Framingham,,Massachusetts,Delaware,5.1B,53119901,"Department stores, discount",,1956,Has Not Opted Out of Direct Marketing,
International Business Machines Corporation,,121B,,PricewaterhouseCoopers LLP,,Armonk,11B,,,Directors,United States,10k,Computer System Design Services,Low Risk,,12B,16B,jad@us.ibm.com,381k,850,-4.1981001,,Parent,,,John A,34,46.4078,36B,North America,Director/Board Member,Darringer,128B,,8.7B,,16.607599,,Public,,,914-499-1900,10504-1722,7.0178,50.7589,10.9662,79B,,0.56989998,,,,New York,New York,16B,73790200,Computer related consulting services,,1910,Has Not Opted Out of Direct Marketing,
International Business Machines Corporation,,121B,,PricewaterhouseCoopers LLP,,Armonk,11B,,,Directors,United States,10k,Computer System Design Services,Low Risk,,12B,16B,,381k,850,-4.1981001,,Parent,,,Gary,34,46.4078,36B,North America,Director/Board Member,Derr,128B,,8.7B,,16.607599,,Public,,,914-499-1900,10504-1722,7.0178,50.7589,10.9662,79B,,0.56989998,,,,New York,New York,16B,73790200,Computer related consulting services,,1910,Has Not Opted Out of Direct Marketing,
International Business Machines Corporation,,121B,,PricewaterhouseCoopers LLP,,Armonk,11B,,,Directors,United States,10k,Computer System Design Services,Low Risk,,12B,16B,,381k,850,-4.1981001,,Parent,,,Byron,34,46.4078,36B,North America,Director/Board Member,Essig,128B,,8.7B,,16.607599,,Public,,,914-499-1900,10504-1722,7.0178,50.7589,10.9662,79B,,0.56989998,,,,New York,New York,16B,73790200,Computer related consulting services,,1910,Has Not Opted Out of Direct Marketing,
International Paper Company,,33B,,Deloitte & Touche LLP,,Memphis,589M,,,Directors,United States,4.7k,Paper Product Manufacturing,Low Risk,,2.5B,3.9B,,53k,3k,-5.3571,,Parent,,,Glen,124,33.2575,7.7B,North America,Director/Board Member,Faulk,19B,,2B,,12.7092,,Public,,,901-419-9000,38197-0100,5.9633,28.983,8.633,23B,,7.1884999,,,,Tennessee,New York,7.3B,26210000,Paper mills,,1898,Has Not Opted Out of Direct Marketing,
Pfizer Inc.,,167B,,KPMG LLP,,New York,1.1B,,,Directors,United States,10k,Pharmaceutical Manufacturing,Low Risk,,13B,23B,louis.m.ferrara@pfizer.com,90k,2.5k,2.4389999,,Parent,,Pharmaceuticals,Louis,57,79.0333,42B,North America,Director/Board Member,Ferrara,231B,,11B,,28.044399,,Public,,,212-733-2323,10017-5703,6.7339,16.5614,20.7877,53B,,2.0953,,,,New York,,63B,28330300,Antibiotics,,1942,Has Not Opted Out of Direct Marketing,
Massachusetts Mutual Life Insurance Company,,,,,,Springfield,,,,Directors,United States,2.1k,Life and Health Insurance,Low Risk,,,,jferri@massmutual.com,27k,3.5k,,,Parent,,,Jennifer,93,,,North America,Director/Board Member,Ferri,,,,,,,Private,,,413-788-8411,01111-0001,,,,254B,,,,,,Massachusetts,,,63119906,Life insurance carriers,,1851,Has Not Opted Out of Direct Marketing,
"Cisco Systems, Inc.",,105B,,PricewaterhouseCoopers LLP,,San Jose,8.9B,,,Directors,United States,33k,Computer and Peripheral Equipment Manufacturing,Low Risk,,13B,16B,,74k,700,,,Parent,,,Mario,62,62.0446,30B,North America,Director/Board Member,Gonzalez,247B,,110M,,25.6786,,Public,,,408-526-4000,95134-1700,0.0922,0.2012,0.223,49B,,2.7579999,,,,California,California,43B,35779902,"Data conversion equipment, media-to-media: computer",,1984,Has Not Opted Out of Direct Marketing,
International Business Machines Corporation,,121B,,PricewaterhouseCoopers LLP,,Armonk,11B,,,Directors,United States,10k,Computer System Design Services,Low Risk,,12B,16B,rjhurba@us.ibm.com,381k,850,-4.1981001,,Parent,,,Robert,34,46.4078,36B,North America,Director/Board Member,Hurban,128B,,8.7B,,16.607599,,Public,,,914-499-1900,10504-1722,7.0178,50.7589,10.9662,79B,,0.56989998,,,,New York,New York,16B,73790200,Computer related consulting services,,1910,Has Not Opted Out of Direct Marketing,
Massachusetts Mutual Life Insurance Company,,,,,,Springfield,,,,Directors,United States,2.1k,Life and Health Insurance,Low Risk,,,,aimpionbato@massmutual.com,27k,3.5k,,,Parent,,,Armand,93,,,North America,Director/Board Member,Impionbato,,,,,,,Private,,,413-788-8411,01111-0001,,,,254B,,,,,,Massachusetts,,,63119906,Life insurance carriers,,1851,Has Not Opted Out of Direct Marketing,
"Cisco Systems, Inc.",,105B,,PricewaterhouseCoopers LLP,,San Jose,8.9B,,,Directors,United States,33k,Computer and Peripheral Equipment Manufacturing,Low Risk,,13B,16B,,74k,700,,,Parent,,,Spiro,62,62.0446,30B,North America,Director/Board Member,Kailas,247B,,110M,,25.6786,,Public,,,408-526-4000,95134-1700,0.0922,0.2012,0.223,49B,,2.7579999,,,,California,California,43B,35779902,"Data conversion equipment, media-to-media: computer",,1984,Has Not Opted Out of Direct Marketing,
Pfizer Inc.,,167B,,KPMG LLP,,New York,1.1B,,,Directors,United States,10k,Pharmaceutical Manufacturing,Low Risk,,13B,23B,chris.kakkanatt@pfizer.com,90k,2.5k,2.4389999,,Parent,,Pharmaceuticals,Chris,57,79.0333,42B,North America,Director/Board Member,Kakkanatt,231B,,11B,,28.044399,,Public,,,212-733-2323,10017-5703,6.7339,16.5614,20.7877,53B,,2.0953,,,,New York,,63B,28330300,Antibiotics,,1942,Has Not Opted Out of Direct Marketing,
Pfizer Inc.,,167B,,KPMG LLP,,New York,1.1B,,,Directors,United States,10k,Pharmaceutical Manufacturing,Low Risk,,13B,23B,michelle.kissner@pfizer.com,90k,2.5k,2.4389999,,Parent,,Pharmaceuticals,Lauren,57,79.0333,42B,North America,Director/Board Member,Kissner,231B,,11B,,28.044399,,Public,,,212-733-2323,10017-5703,6.7339,16.5614,20.7877,53B,,2.0953,,,,New York,,63B,28330300,Antibiotics,,1942,Has Not Opted Out of Direct Marketing,
Pfizer Inc.,,167B,,KPMG LLP,,New York,1.1B,,,Directors,United States,10k,Pharmaceutical Manufacturing,Low Risk,,13B,23B,paul.liberator@pfizer.com,90k,2.5k,2.4389999,,Parent,,Pharmaceuticals,Paul,57,79.0333,42B,North America,Director/Board Member,Liberator,231B,,11B,,28.044399,,Public,,,212-733-2323,10017-5703,6.7339,16.5614,20.7877,53B,,2.0953,,,,New York,,63B,28330300,Antibiotics,,1942,Has Not Opted Out of Direct Marketing,
"United Parcel Service, Inc.",,46B,,Deloitte & Touche LLP,,Atlanta,4.2B,,,Directors,United States,5.3k,"Postal, Shipping and Messengers",Low Risk,,6.6B,9.2B,vito.losurdo@ups.com,454k,1.7k,5.9471002,,Parent,,,Vito,44,17.3794,12B,North America,Director/Board Member,Losurdo,98B,,4.7B,,9.7744,,Public,,,404-828-6000,30328-3474,10.0241,238.655,6.667,71B,,7.9236999,,,,Georgia,,3B,45139901,"Letter delivery, private air",,1907,Has Not Opted Out of Direct Marketing,
Pfizer Inc.,,167B,,KPMG LLP,,New York,1.1B,,,Directors,United States,10k,Pharmaceutical Manufacturing,Low Risk,,13B,23B,urszula.masiukiewicz@pfizer.com,90k,2.5k,2.4389999,,Parent,,Pharmaceuticals,Urszula,57,79.0333,42B,North America,Director/Board Member,Masiukiewicz,231B,,11B,,28.044399,,Public,,,212-733-2323,10017-5703,6.7339,16.5614,20.7877,53B,,2.0953,,,,New York,,63B,28330300,Antibiotics,,1942,Has Not Opted Out of Direct Marketing,
Pfizer Inc.,,167B,,KPMG LLP,,New York,1.1B,,,Directors,United States,10k,Pharmaceutical Manufacturing,Low Risk,,13B,23B,gemma.louise.mayman@pfizer.com,90k,2.5k,2.4389999,,Parent,,Pharmaceuticals,Gemma,57,79.0333,42B,North America,Director/Board Member,Mayman,231B,,11B,,28.044399,,Public,,,212-733-2323,10017-5703,6.7339,16.5614,20.7877,53B,,2.0953,,,,New York,,63B,28330300,Antibiotics,,1942,Has Not Opted Out of Direct Marketing,
The Boeing Company,,117B,,Deloitte & Touche LLP,,Chicago,7.6B,,,Directors,United States,14k,Aircraft Manufacturing,Low Risk,,12B,14B,kevin.j.mccarry@boeing.com,153k,,8.6647997,,Parent,,,Kevin,27,19.4182,19B,North America,Director/Board Member,Mccarry,214B,,10B,,11.6695,,Public,,,312-544-2000,60606-1501,9.1006,1047.9198,10.3365,101B,,7.5762,,,,Illinois,,410M,37210101,"Airplanes, fixed or rotary wing",,1916,Has Not Opted Out of Direct Marketing,
The Boeing Company,,117B,,Deloitte & Touche LLP,,Chicago,7.6B,,,Directors,United States,14k,Aircraft Manufacturing,Low Risk,,12B,14B,peter.a.mcgrath-ii@boeing.com,153k,,8.6647997,,Parent,,,Peter,27,19.4182,19B,North America,Director/Board Member,Mcgrath,214B,,10B,,11.6695,,Public,,,312-544-2000,60606-1501,9.1006,1047.9198,10.3365,101B,,7.5762,,,,Illinois,,410M,37210101,"Airplanes, fixed or rotary wing",,1916,Has Not Opted Out of Direct Marketing,
V.F. Corporation,,10B,,PricewaterhouseCoopers LLP,,Greensboro,680M,,,Directors,United States,1k,Clothing and Apparel Manufacturing,Low Risk,,318M,390M,lukemedlin@vfc.com,69k,104,,,Parent,,,Luke,242,,1.5B,North America,Director/Board Member,Medlin,35B,,252M,,12.726,,Public,,,336-424-6000,27408-3194,,,,11B,,7.1197,PO Box 21488,Greensboro,,North Carolina,Pennsylvania,3.6B,23250102,"Jeans: men's, youths', and boys'",,1899,Has Not Opted Out of Direct Marketing,
International Business Machines Corporation,,121B,,PricewaterhouseCoopers LLP,,Armonk,11B,,,Directors,United States,10k,Computer System Design Services,Low Risk,,12B,16B,smenon@us.ibm.com,381k,850,-4.1981001,,Parent,,,Sunita,34,46.4078,36B,North America,Director/Board Member,Menon,128B,,8.7B,,16.607599,,Public,,,914-499-1900,10504-1722,7.0178,50.7589,10.9662,79B,,0.56989998,,,,New York,New York,16B,73790200,Computer related consulting services,,1910,Has Not Opted Out of Direct Marketing,
"Darden Restaurants, Inc.",,5.5B,,KPMG LLP,,Orlando,146M,,,Directors,United States,252,Restaurants and Bars,Medium Risk,,767M,1B,jnikoletich@darden.com,180k,1.4k,,,Parent,,,Jeni,396,21.6012,1.7B,North America,Director/Board Member,Nikoletich,14B,,596M,,9.5321,,Public,,,407-245-4000,32837-4032,11.0761,27.7435,7.3761,8B,,12.69,,,,Florida,Florida,2.1B,58120802,Steak restaurant,,1968,Has Not Opted Out of Direct Marketing,
"United Parcel Service, Inc.",,46B,,Deloitte & Touche LLP,,Atlanta,4.2B,,,Directors,United States,5.3k,"Postal, Shipping and Messengers",Low Risk,,6.6B,9.2B,sroby@ups.com,454k,1.7k,5.9471002,,Parent,,,Scott,44,17.3794,12B,North America,Director/Board Member,Roby,98B,,4.7B,,9.7744,,Public,,,404-828-6000,30328-3474,10.0241,238.655,6.667,71B,,7.9236999,,,,Georgia,,3B,45139901,"Letter delivery, private air",,1907,Has Not Opted Out of Direct Marketing,
Pfizer Inc.,,167B,,KPMG LLP,,New York,1.1B,,,Directors,United States,10k,Pharmaceutical Manufacturing,Low Risk,,13B,23B,aida.sacaan@pfizer.com,90k,2.5k,2.4389999,,Parent,,Pharmaceuticals,Aida,57,79.0333,42B,North America,Director/Board Member,Sacaan,231B,,11B,,28.044399,,Public,,,212-733-2323,10017-5703,6.7339,16.5614,20.7877,53B,,2.0953,,,,New York,,63B,28330300,Antibiotics,,1942,Has Not Opted Out of Direct Marketing,
International Business Machines Corporation,,121B,,PricewaterhouseCoopers LLP,,Armonk,11B,,,Directors,United States,10k,Computer System Design Services,Low Risk,,12B,16B,esamuel@us.ibm.com,381k,850,-4.1981001,,Parent,,,Edward,34,46.4078,36B,North America,Director/Board Member,Samuel,128B,,8.7B,,16.607599,,Public,,,914-499-1900,10504-1722,7.0178,50.7589,10.9662,79B,,0.56989998,,,,New York,New York,16B,73790200,Computer related consulting services,,1910,Has Not Opted Out of Direct Marketing,
Pfizer Inc.,,167B,,KPMG LLP,,New York,1.1B,,,Directors,United States,10k,Pharmaceutical Manufacturing,Low Risk,,13B,23B,andrew.schmitt@pfizer.com,90k,2.5k,2.4389999,,Parent,,Pharmaceuticals,Andrew,57,79.0333,42B,North America,Director/Board Member,Schmitt,231B,,11B,,28.044399,,Public,,,212-733-2323,10017-5703,6.7339,16.5614,20.7877,53B,,2.0953,,,,New York,,63B,28330300,Antibiotics,,1942,Has Not Opted Out of Direct Marketing,
"Darden Restaurants, Inc.",,5.5B,,KPMG LLP,,Orlando,146M,,,Directors,United States,252,Restaurants and Bars,Medium Risk,,767M,1B,espringett@darden.com,180k,1.4k,,,Parent,,,Emilia,396,21.6012,1.7B,North America,Director/Board Member,Springett,14B,,596M,,9.5321,,Public,,,407-245-4000,32837-4032,11.0761,27.7435,7.3761,8B,,12.69,,,,Florida,Florida,2.1B,58120802,Steak restaurant,,1968,Has Not Opted Out of Direct Marketing,
V.F. Corporation,,10B,,PricewaterhouseCoopers LLP,,Greensboro,680M,,,Directors,United States,1k,Clothing and Apparel Manufacturing,Low Risk,,318M,390M,corey_stecker@vfc.com,69k,104,,,Parent,,,Corey,242,,1.5B,North America,Director/Board Member,Stecker,35B,,252M,,12.726,,Public,,,336-424-6000,27408-3194,,,,11B,,7.1197,PO Box 21488,Greensboro,,North Carolina,Pennsylvania,3.6B,23250102,"Jeans: men's, youths', and boys'",,1899,Has Not Opted Out of Direct Marketing,
The Boeing Company,,117B,,Deloitte & Touche LLP,,Chicago,7.6B,,,Directors,United States,14k,Aircraft Manufacturing,Low Risk,,12B,14B,randell.e.surch@boeing.com,153k,,8.6647997,,Parent,,,Randell,27,19.4182,19B,North America,Director/Board Member,Surch,214B,,10B,,11.6695,,Public,,,312-544-2000,60606-1501,9.1006,1047.9198,10.3365,101B,,7.5762,,,,Illinois,,410M,37210101,"Airplanes, fixed or rotary wing",,1916,Has Not Opted Out of Direct Marketing,
The Boeing Company,,117B,,Deloitte & Touche LLP,,Chicago,7.6B,,,Directors,United States,14k,Aircraft Manufacturing,Low Risk,,12B,14B,carl.f.trincia@boeing.com,153k,,8.6647997,,Parent,,,Carl,27,19.4182,19B,North America,Director/Board Member,Trincia,214B,,10B,,11.6695,,Public,,,312-544-2000,60606-1501,9.1006,1047.9198,10.3365,101B,,7.5762,,,,Illinois,,410M,37210101,"Airplanes, fixed or rotary wing",,1916,Has Not Opted Out of Direct Marketing,
Fluor Corporation,,9.1B,,Ernst & Young LLP,,Irving,1.7B,,,Directors,United States,6.1k,Architecture and Engineering,Low Risk,,558M,775M,,56k,,-5.9200001,,Parent,,,Keri,153,3.4953,669M,North America,Director/Board Member,White,5.7B,,224M,,2.7233,,Public,,,469-398-7000,75039-2902,2.4651,7.1313,1.173,19B,,-1.8153,,,,Texas,Delaware,3.1B,87119903,Consulting engineer,,1912,Has Not Opted Out of Direct Marketing,
The Boeing Company,,117B,,Deloitte & Touche LLP,,Chicago,7.6B,,,Directors,United States,14k,Aircraft Manufacturing,Low Risk,,12B,14B,marlene.yamashita@boeing.com,153k,,8.6647997,,Parent,,,Marlene,27,19.4182,19B,North America,Director/Board Member,Yamashita,214B,,10B,,11.6695,,Public,,,312-544-2000,60606-1501,9.1006,1047.9198,10.3365,101B,,7.5762,,,,Illinois,,410M,37210101,"Airplanes, fixed or rotary wing",,1916,Has Not Opted Out of Direct Marketing,
"Cardinal Health, Inc.",,40B,,Ernst & Young LLP,,Dublin,1.7B,,,"Senior Officers, C-Level",United States,4k,Health and Personal Care Wholesale,Low Risk,,1.8B,4.6B,scott.barnhart@cardinalhealth.com,50k,2.8k,0.80320001,,Parent,,,Scott,14,5.2489,7.1B,North America,President,Barnhart,13B,,256M,,1.3727,,Public,,,614-757-5000,43017-1091,0.6395,3.9792,0.1871,136B,,5.2571001,,,,Ohio,Ohio,6B,51220308,Pharmaceuticals,,1979,Has Not Opted Out of Direct Marketing,
U.S. Bancorp,,,,Ernst & Young LLP,,Minneapolis,21B,,,"Senior Officers, C-Level",United States,7k,Banking,Low Risk,,,,wayne.l.blackman@usbank.com,72k,400,1.2859,,Parent,,,Wayne,122,,,North America,President,Blackman,80B,,7B,,,,Public,,,651-466-3000,55402-7014,1.4598,15.3024,30.123,25B,,3.7978001,,,,Minnesota,,51B,60210000,National commercial banks,,1929,Has Not Opted Out of Direct Marketing,
The Coca-Cola Company,,86B,,Ernst & Young LLP.,,Atlanta,8.9B,,,"Senior Officers, C-Level",United States,178,Food Manufacturing,Low Risk,,9.2B,11B,,61k,8k,1.2945,,Parent,,,Tim,87,63.0525,20B,North America,Division Head Executive,Brett,199B,,6.4B,,30.7038,,Public,,,404-676-2121,30313-2420,7.5202,37.7882,20.1971,35B,,-10.0367,PO Box 1734,Atlanta,,Georgia,,19B,20870203,"Concentrates, drink",,1886,Has Not Opted Out of Direct Marketing,
U.S. Bancorp,,,,Ernst & Young LLP,,Minneapolis,21B,,,"Senior Officers, C-Level",United States,7k,Banking,Low Risk,,,,phillip.coosaia@usbank.com,72k,400,1.2859,,Parent,,,Phillip,122,,,North America,President,Coosaia,80B,,7B,,,,Public,,,651-466-3000,55402-7014,1.4598,15.3024,30.123,25B,,3.7978001,,,,Minnesota,,51B,60210000,National commercial banks,,1929,Has Not Opted Out of Direct Marketing,
Amphenol Corporation,,10B,,Deloitte & Touche LLP,,Wallingford,1.2B,,,"Senior Officers, C-Level",United States,161,Semiconductor and Other Electronic Component Manufacturing,Low Risk,,1.6B,1.9B,,70k,85,5.1429,,Parent,,,Monte,403,32.3689,2.6B,North America,President,Edlund,30B,,1.2B,,20.670601,,Public,,,203-265-8900,06492-3574,12.0207,30.0994,14.6915,8.2B,,16.982599,PO Box 5030,Wallingford,,Connecticut,,4B,36780000,Electronic connectors,,1932,Has Not Opted Out of Direct Marketing,
Cigna Holding Company,,,,PricewaterhouseCoopers LLP,,Bloomfield,2.9B,,,"Senior Officers, C-Level",United States,377,Life and Health Insurance,Low Risk,,,,,74k,,12.1951,,Subsidiary,,,Brain,73,,,North America,President,Evanko,60B,,2.2B,,,,Public,Cigna Corporation,United States,860-226-6000,06002-2920,3.6941,16.294,5.3753,41B,,4.9108,,,,Connecticut,,13B,63249902,Group hospitalization plans,Cigna Corporation,1792,Has Not Opted Out of Direct Marketing,
Cigna Holding Company,,,,PricewaterhouseCoopers LLP,,Bloomfield,2.9B,,,"Senior Officers, C-Level",United States,377,Life and Health Insurance,Low Risk,,,,,74k,,12.1951,,Subsidiary,,,Brian,73,,,North America,President,Evanko,60B,,2.2B,,,,Public,Cigna Corporation,United States,860-226-6000,06002-2920,3.6941,16.294,5.3753,41B,,4.9108,,,,Connecticut,,13B,63249902,Group hospitalization plans,Cigna Corporation,1792,Has Not Opted Out of Direct Marketing,
Hilton Worldwide Holdings Inc.,,13B,,Ernst & Young LLP,,Mclean,403M,,,"Senior Officers, C-Level",United States,28,Hotels and Accommodation,Medium Risk,,1.4B,1.7B,,163k,363,3.681,,Parent,,,Jerry,324,85.0438,7.5B,North America,President,Huang,25B,,764M,,16.079,,Public,,,703-883-1000,22102-3313,5.414,68.2448,8.5785,8.9B,,9.5313997,,,,Virginia,,558M,70110300,Hotels,,1919,Has Not Opted Out of Direct Marketing,
"United Parcel Service, Inc.",,46B,,Deloitte & Touche LLP,,Atlanta,4.2B,,,"Senior Officers, C-Level",United States,5.3k,"Postal, Shipping and Messengers",Low Risk,,6.6B,9.2B,,454k,1.7k,5.9471002,,Parent,,,Laura,44,17.3794,12B,North America,President,Lane,98B,,4.7B,,9.7744,,Public,,,404-828-6000,30328-3474,10.0241,238.655,6.667,71B,,7.9236999,,,,Georgia,,3B,45139901,"Letter delivery, private air",,1907,Has Not Opted Out of Direct Marketing,
ABM Industries Incorporated,,3.6B,,KPMG LLP,,New York,39M,,,"Senior Officers, C-Level",United States,161,Building and Dwelling Services,Low Risk,,141M,306M,,140k,,0,,Parent,,,Sean,498,10.7851,694M,North America,President,Mahoney,2.4B,,97M,,2.9617,,Public,,,212-297-0200,10006-1417,2.629,6.9107,1.5181,6.4B,,18.127501,,,,New York,,1.4B,73490104,"Janitorial service, contract basis",,1909,Has Not Opted Out of Direct Marketing,
Massachusetts Mutual Life Insurance Company,,,,,,Springfield,,,,"Senior Officers, C-Level",United States,2.1k,Life and Health Insurance,Low Risk,,,,mglynn@financialguide.com,27k,3.5k,,,Parent,,,Matt,93,,,North America,Managing Director,Glynn,,,,,,,Private,,,413-788-8411,01111-0001,,,,254B,,,,,,Massachusetts,,,63119906,Life insurance carriers,,1851,Has Not Opted Out of Direct Marketing,
Tenet Healthcare Corporation,,22B,,Deloitte & Touche LLP,,Dallas,411M,,,"Senior Officers, C-Level",United States,794,Hospitals,Low Risk,,1.6B,2.5B,brad.kempson@tenethealth.com,126k,,-8.3332996,,Parent,,,Brad,147,32.0701,5.8B,North America,Managing Director,Kempson,2.9B,,111M,,8.8298,,Public,,,469-893-2200,75202-2703,0.4848,,0.6061,18B,,-4.5153999,PO Box 139036,Dallas,,Texas,Nevada,687M,80620000,General medical and surgical hospitals,,1969,Has Not Opted Out of Direct Marketing,
The Interpublic Group of Companies Inc,,13B,,PricewaterhouseCoopers LLP.,,New York,673M,,,"Senior Officers, C-Level",United States,102,Advertising Services,Low Risk,,961M,1.2B,,50k,175,7.5696998,,Parent,,,Peter,359,14.1872,1.3B,North America,Managing Director,Leinroth,8.3B,,618M,,10.3846,,Public,,,212-704-1200,10022-4731,4.37,26.8812,6.371,9.7B,,7.3699002,,,,New York,,2.4B,73119901,Advertising consultant,,1902,Has Not Opted Out of Direct Marketing,
Intel Corporation,,127B,,Ernst & Young LLP,,Santa Clara,3B,,,"Senior Officers, C-Level",United States,11k,Computer and Peripheral Equipment Manufacturing,Low Risk,,23B,32B,,102k,,,,Parent,,,Li-Chung,46,61.7336,43B,North America,Managing Director,Lin,253B,,21B,,32.8083,,Public,,,408-765-8080,95054-1537,16.7611,29.0653,29.7157,70B,,12.8854,PO Box 58119,Santa Clara,,California,Delaware,74B,35770000,"Computer peripheral equipment, nec",,1968,Has Not Opted Out of Direct Marketing,
U.S. Bancorp,,,,Ernst & Young LLP,,Minneapolis,21B,,,"Senior Officers, C-Level",United States,7k,Banking,Low Risk,,,,michael.malakoff@usbank.com,72k,400,1.2859,,Parent,,,Michael,122,,,North America,Managing Director,Malakoff,80B,,7B,,,,Public,,,651-466-3000,55402-7014,1.4598,15.3024,30.123,25B,,3.7978001,,,,Minnesota,,51B,60210000,National commercial banks,,1929,Has Not Opted Out of Direct Marketing,
U.S. Bancorp,,,,Ernst & Young LLP,,Minneapolis,21B,,,"Senior Officers, C-Level",United States,7k,Banking,Low Risk,,,,terrence.martin@usbank.com,72k,400,1.2859,,Parent,,,Terry,122,,,North America,Managing Director,Martin,80B,,7B,,,,Public,,,651-466-3000,55402-7014,1.4598,15.3024,30.123,25B,,3.7978001,,,,Minnesota,,51B,60210000,National commercial banks,,1929,Has Not Opted Out of Direct Marketing,
"Marsh & McLennan Companies, Inc.",,3M,,Deloitte & Touche LLP,,New York,1B,,,"Senior Officers, C-Level",United States,2.3k,Insurance Agents,Low Risk,,2.5B,3.4B,pierrepont.stuyve@marsh.com,65k,300,0,,Parent,,,Stuyve,212,42.4415,6.3B,North America,Managing Director,Pierrepont,48B,,1.6B,,18.468201,,Public,,,212-345-5000,10036-2708,7.8558,22.1923,11.0368,14B,,6.6030002,,,,New York,,7.5B,64110302,"Insurance brokers, nec",,1871,Has Not Opted Out of Direct Marketing,
Starbucks Corporation,,19B,,Deloitte & Touche LLP,,Seattle,8.7B,,,"Senior Officers, C-Level",United States,8.5k,Restaurants and Bars,Low Risk,,5.9B,5.6B,,277k,763,,,Parent,,,Nednapa,132,29.7409,7.3B,North America,Managing Director,Srisamai,95B,,4.5B,,15.3988,,Public,,,206-447-1575,98134-1436,23.4583,136.5128,18.2783,24B,,10.42,PO Box 34507,Seattle,,Washington,Washington,1.1B,58120304,Coffee shop,,1985,Has Not Opted Out of Direct Marketing,
Dollar General Corporation,,13B,,EY,,Goodlettsville,235M,,,"Senior Officers, C-Level",United States,2.5k,Department Stores,Low Risk,,2.1B,2.5B,,129k,700,,,Parent,,,Tom,123,30.4541,7.8B,North America,Finance Executive,Ratz,31B,,1.5B,,8.2587,,Public,,,615-855-4000,37072-2171,12.3594,25.344,6.2028,25B,,9.1775999,,,,Tennessee,Tennessee,6.4B,53310000,Variety stores,,1939,Has Not Opted Out of Direct Marketing,
Dxc Technology Company,,28B,,DELOITTE & TOUCHE LLP,,Tysons,2.6B,,,"Senior Officers, C-Level",United States,276,Computer System Design Services,Low Risk,,2B,4.7B,mia.andrews@dxc.com,150k,,,,Parent,,,Mia,374,26.9262,6.6B,North America,Human Resources Executive,Andrews,17B,,1.7B,,10.7428,,Public,,,703-245-9675,22102-4284,8.2237,22.7772,7.1306,24B,,222.80791,,,,Virginia,Nevada,13B,73730000,Computer integrated systems design,,1959,Has Not Opted Out of Direct Marketing,
The TJX Companies Inc,,15B,,PricewaterhouseCoopers LLP,,Framingham,2.7B,,,"Senior Officers, C-Level",United States,1.8k,Department Stores,Low Risk,,3.9B,4.7B,,249k,1.8k,,,Parent,,,Nancy,85,28.8933,10B,North America,Human Resources Executive,Maher,65B,,2.6B,,11.118,,Public,,,508-390-1000,01701-4666,19.3598,54.0009,7.2716,35B,,8.0790005,PO Box 9133,Framingham,,Massachusetts,Delaware,5.1B,53119901,"Department stores, discount",,1956,Has Not Opted Out of Direct Marketing,
International Business Machines Corporation,,121B,,PricewaterhouseCoopers LLP,,Armonk,11B,,,"Senior Officers, C-Level",United States,10k,Computer System Design Services,Low Risk,,12B,16B,,381k,850,-4.1981001,,Parent,,,F,34,46.4078,36B,North America,Sales Executive,Valocchi,128B,Michael,8.7B,,16.607599,,Public,,,914-499-1900,10504-1722,7.0178,50.7589,10.9662,79B,,0.56989998,,,,New York,New York,16B,73790200,Computer related consulting services,,1910,Has Not Opted Out of Direct Marketing,
United Technologies Corporation,,134B,,PricewaterhouseCoopers LLP,,Farmington,6.1B,,,"Senior Officers, C-Level",United States,315,Aircraft Engine and Parts Manufacturing,Low Risk,,9.5B,11B,,240k,430,17.244699,,Parent,,,Laura,51,24.8357,16B,North America,Information Executive,Merling,116B,,5.2B,,12.8615,,Public,,,860-728-7000,06032-2577,4.5593,15.4843,7.9232,66B,,11.1369,,,,Connecticut,,40B,37240000,Aircraft engines and engine parts,,1934,Has Not Opted Out of Direct Marketing,
Southwest Airlines Co.,,26B,,Ernst & Young LLP,,Dallas,1.8B,,,"Senior Officers, C-Level",United States,89,Airlines,Low Risk,,3.2B,4.4B,,56k,3k,4.8127999,,Parent,,,Stan,142,27.5802,6B,North America,Engineering/Technical Executive,Alexander,29B,,2.4B,,14.5959,,Public,,,214-792-4000,75235-1908,9.6002,25.2898,11.2224,21B,,3.8731,PO Box 36611,Dallas,,Texas,Texas,9.8B,45129902,"Air passenger carrier, scheduled",,1971,Has Not Opted Out of Direct Marketing,
The PNC Financial Services Group Inc,,,,PricewaterhouseCoopers LLP,,Pittsburgh,16B,,,"Senior Officers, C-Level",United States,3.6k,Banking,Low Risk,,,,,52k,,0.29679999,,Parent,,,Eric,165,,,North America,Engineering/Technical Executive,Meredith,60B,,5.3B,,,,Public,,,412-762-2000,15222-2401,1.321,10.5837,29.4186,19B,,4.9176002,PO Box 2705,Pittsburgh,,Pennsylvania,Pennsylvania,47B,60210000,National commercial banks,,1983,Has Not Opted Out of Direct Marketing,
Verizon Communications Inc.,,265B,,Ernst & Young LLP,,New York,2.7B,,,"Senior Officers, C-Level",United States,1k,Wired Telecommunications Carriers,Low Risk,,24B,46B,,144k,400,-7.0142002,,Parent,,,Kumar,16,57.5831,75B,North America,Engineering/Technical Executive,Vishwanathan,242B,,15B,,20.5322,,Public,,,212-395-1000,10036-6797,5.9497,32.269,11.8658,130B,,3.8315001,,,,New York,,54B,48130100,Local and long distance telephone communications,,1983,Has Not Opted Out of Direct Marketing,
McDonald's Corporation,,34B,,Ernst & Young LLP,,Chicago,866M,,,Executive Vice Presidents,United States,135,Restaurants and Bars,Low Risk,,8.7B,10B,,235k,1.5k,-10.6383,,Parent,,,Jose,131,51.3003,10B,North America,Senior Management (General),Armario,146B,,5.9B,,40.8358,,Public,,,630-623-3000,60607-4106,17.7867,,28.1771,21B,,-7.8666,PO Box 9112,Farmingdale,,Illinois,,-6.2B,58120307,"Fast-food restaurant, chain",,1940,Has Not Opted Out of Direct Marketing,
Iqvia Holdings Inc.,,22B,,PRICEWATERHOUSECOOPERS LLP,,Durham,891M,,,Executive Vice Presidents,United States,71,Research and Development Services,Low Risk,,742M,1.9B,,50k,1.8k,5.4545002,,Parent,,,James,304,35.2094,3.6B,North America,Senior Management (General),Bierman,28B,,259M,,7.7699,,Public,,,919-998-2000,27703-8426,1.1408,3.5217,2.4875,10B,,7.3181,,,,North Carolina,,6.9B,87319902,"Medical research, commercial",,1982,Has Not Opted Out of Direct Marketing,
McDonald's Corporation,,34B,,Ernst & Young LLP,,Chicago,866M,,,Executive Vice Presidents,United States,135,Restaurants and Bars,Low Risk,,8.7B,10B,,235k,1.5k,-10.6383,,Parent,,,Michael,131,51.3003,10B,North America,Senior Management (General),Conley,146B,,5.9B,,40.8358,,Public,,,630-623-3000,60607-4106,17.7867,,28.1771,21B,,-7.8666,PO Box 9112,Farmingdale,,Illinois,,-6.2B,58120307,"Fast-food restaurant, chain",,1940,Has Not Opted Out of Direct Marketing,
McDonald's Corporation,,34B,,Ernst & Young LLP,,Chicago,866M,,,Executive Vice Presidents,United States,135,Restaurants and Bars,Low Risk,,8.7B,10B,,235k,1.5k,-10.6383,,Parent,,,Lynn,131,51.3003,10B,North America,Senior Management (General),Crump-Caine,146B,,5.9B,,40.8358,,Public,,,630-623-3000,60607-4106,17.7867,,28.1771,21B,,-7.8666,PO Box 9112,Farmingdale,,Illinois,,-6.2B,58120307,"Fast-food restaurant, chain",,1940,Has Not Opted Out of Direct Marketing,
Iqvia Holdings Inc.,,22B,,PRICEWATERHOUSECOOPERS LLP,,Durham,891M,,,Executive Vice Presidents,United States,71,Research and Development Services,Low Risk,,742M,1.9B,,50k,1.8k,5.4545002,,Parent,,,Chip,304,35.2094,3.6B,North America,Senior Management (General),Davis,28B,,259M,,7.7699,,Public,,,919-998-2000,27703-8426,1.1408,3.5217,2.4875,10B,,7.3181,,,,North Carolina,,6.9B,87319902,"Medical research, commercial",,1982,Has Not Opted Out of Direct Marketing,
Iqvia Holdings Inc.,,22B,,PRICEWATERHOUSECOOPERS LLP,,Durham,891M,,,Executive Vice Presidents,United States,71,Research and Development Services,Low Risk,,742M,1.9B,,50k,1.8k,5.4545002,,Parent,,,William,304,35.2094,3.6B,North America,Senior Management (General),Deam,28B,,259M,,7.7699,,Public,,,919-998-2000,27703-8426,1.1408,3.5217,2.4875,10B,,7.3181,,,,North Carolina,,6.9B,87319902,"Medical research, commercial",,1982,Has Not Opted Out of Direct Marketing,
Iqvia Holdings Inc.,,22B,,PRICEWATERHOUSECOOPERS LLP,,Durham,891M,,,Executive Vice Presidents,United States,71,Research and Development Services,Low Risk,,742M,1.9B,,50k,1.8k,5.4545002,,Parent,,,James,304,35.2094,3.6B,North America,Senior Management (General),Erlinger,28B,,259M,,7.7699,,Public,,,919-998-2000,27703-8426,1.1408,3.5217,2.4875,10B,,7.3181,,,,North Carolina,,6.9B,87319902,"Medical research, commercial",,1982,Has Not Opted Out of Direct Marketing,
McDonald's Corporation,,34B,,Ernst & Young LLP,,Chicago,866M,,,Executive Vice Presidents,United States,135,Restaurants and Bars,Low Risk,,8.7B,10B,,235k,1.5k,-10.6383,,Parent,,,Neil,131,51.3003,10B,North America,Senior Management (General),Everett,146B,,5.9B,,40.8358,,Public,,,630-623-3000,60607-4106,17.7867,,28.1771,21B,,-7.8666,PO Box 9112,Farmingdale,,Illinois,,-6.2B,58120307,"Fast-food restaurant, chain",,1940,Has Not Opted Out of Direct Marketing,
McDonald's Corporation,,34B,,Ernst & Young LLP,,Chicago,866M,,,Executive Vice Presidents,United States,135,Restaurants and Bars,Low Risk,,8.7B,10B,,235k,1.5k,-10.6383,,Parent,,,Richard,131,51.3003,10B,North America,Senior Management (General),Floersch,146B,,5.9B,,40.8358,,Public,,,630-623-3000,60607-4106,17.7867,,28.1771,21B,,-7.8666,PO Box 9112,Farmingdale,,Illinois,,-6.2B,58120307,"Fast-food restaurant, chain",,1940,Has Not Opted Out of Direct Marketing,
McDonald's Corporation,,34B,,Ernst & Young LLP,,Chicago,866M,,,Executive Vice Presidents,United States,135,Restaurants and Bars,Low Risk,,8.7B,10B,,235k,1.5k,-10.6383,,Parent,,,Patrick,131,51.3003,10B,North America,Senior Management (General),Flynn,146B,,5.9B,,40.8358,,Public,,,630-623-3000,60607-4106,17.7867,,28.1771,21B,,-7.8666,PO Box 9112,Farmingdale,,Illinois,,-6.2B,58120307,"Fast-food restaurant, chain",,1940,Has Not Opted Out of Direct Marketing,
McDonald's Corporation,,34B,,Ernst & Young LLP,,Chicago,866M,,,Executive Vice Presidents,United States,135,Restaurants and Bars,Low Risk,,8.7B,10B,,235k,1.5k,-10.6383,,Parent,,,Ken,131,51.3003,10B,North America,Senior Management (General),Koziol,146B,,5.9B,,40.8358,,Public,,,630-623-3000,60607-4106,17.7867,,28.1771,21B,,-7.8666,PO Box 9112,Farmingdale,,Illinois,,-6.2B,58120307,"Fast-food restaurant, chain",,1940,Has Not Opted Out of Direct Marketing,
McDonald's Corporation,,34B,,Ernst & Young LLP,,Chicago,866M,,,Executive Vice Presidents,United States,135,Restaurants and Bars,Low Risk,,8.7B,10B,,235k,1.5k,-10.6383,,Parent,,,Lawrence,131,51.3003,10B,North America,Senior Management (General),Light,146B,,5.9B,,40.8358,,Public,,,630-623-3000,60607-4106,17.7867,,28.1771,21B,,-7.8666,PO Box 9112,Farmingdale,,Illinois,,-6.2B,58120307,"Fast-food restaurant, chain",,1940,Has Not Opted Out of Direct Marketing,
Iqvia Holdings Inc.,,22B,,PRICEWATERHOUSECOOPERS LLP,,Durham,891M,,,Executive Vice Presidents,United States,71,Research and Development Services,Low Risk,,742M,1.9B,,50k,1.8k,5.4545002,,Parent,,,John,304,35.2094,3.6B,North America,Senior Management (General),Russell,28B,,259M,,7.7699,,Public,,,919-998-2000,27703-8426,1.1408,3.5217,2.4875,10B,,7.3181,,,,North Carolina,,6.9B,87319902,"Medical research, commercial",,1982,Has Not Opted Out of Direct Marketing,
McDonald's Corporation,,34B,,Ernst & Young LLP,,Chicago,866M,,,Executive Vice Presidents,United States,135,Restaurants and Bars,Low Risk,,8.7B,10B,,235k,1.5k,-10.6383,,Parent,,,Thomas,131,51.3003,10B,North America,Senior Management (General),Ryan,146B,,5.9B,,40.8358,,Public,,,630-623-3000,60607-4106,17.7867,,28.1771,21B,,-7.8666,PO Box 9112,Farmingdale,,Illinois,,-6.2B,58120307,"Fast-food restaurant, chain",,1940,Has Not Opted Out of Direct Marketing,
McDonald's Corporation,,34B,,Ernst & Young LLP,,Chicago,866M,,,Executive Vice Presidents,United States,135,Restaurants and Bars,Low Risk,,8.7B,10B,,235k,1.5k,-10.6383,,Parent,,,Gloria,131,51.3003,10B,North America,Senior Management (General),Santona,146B,,5.9B,,40.8358,,Public,,,630-623-3000,60607-4106,17.7867,,28.1771,21B,,-7.8666,PO Box 9112,Farmingdale,,Illinois,,-6.2B,58120307,"Fast-food restaurant, chain",,1940,Has Not Opted Out of Direct Marketing,
McDonald's Corporation,,34B,,Ernst & Young LLP,,Chicago,866M,,,Executive Vice Presidents,United States,135,Restaurants and Bars,Low Risk,,8.7B,10B,,235k,1.5k,-10.6383,,Parent,,,Stanley,131,51.3003,10B,North America,Senior Management (General),Stein,146B,,5.9B,,40.8358,,Public,,,630-623-3000,60607-4106,17.7867,,28.1771,21B,,-7.8666,PO Box 9112,Farmingdale,,Illinois,,-6.2B,58120307,"Fast-food restaurant, chain",,1940,Has Not Opted Out of Direct Marketing,
Tenneco Inc.,,5B,,PricewaterhouseCoopers LLP,,Lake Forest,697M,,,Executive Vice Presidents,United States,205,Motor Vehicle Parts Manufacturing,Low Risk,,306M,680M,,76k,80,153.125,,Parent,,,Timothy,320,14.3841,1.6B,North America,Finance Executive,Jackson,2B,,55M,,2.9669,,Public,,,847-482-5000,60045-2595,0.6102,4.6571,0.4676,11B,,26.838499,,,,Illinois,,1.9B,37140100,Motor vehicle engines and parts,,1996,Has Not Opted Out of Direct Marketing,
American Express Company,,188B,,PricewaterhouseCoopers LLP,,New York,27B,,,Senior Vice Presidents,United States,2.9k,Banking,Low Risk,,,,,55k,,7.2726998,,Parent,,,Pam,86,,,North America,Senior Management (General),Codispoti,93B,,6.9B,,,,Public,,,212-640-2000,10285-1000,3.6707,33.4739,23.5129,43B,,7.7091999,,,,New York,New York,22B,61410000,Personal credit institutions,,1850,Has Not Opted Out of Direct Marketing,
McDonald's Corporation,,34B,,Ernst & Young LLP,,Chicago,866M,,,Senior Vice Presidents,United States,135,Restaurants and Bars,Low Risk,,8.7B,10B,,235k,1.5k,-10.6383,,Parent,,,Matthew,131,51.3003,10B,North America,Senior Management (General),Paull,146B,,5.9B,,40.8358,,Public,,,630-623-3000,60607-4106,17.7867,,28.1771,21B,,-7.8666,PO Box 9112,Farmingdale,,Illinois,,-6.2B,58120307,"Fast-food restaurant, chain",,1940,Has Not Opted Out of Direct Marketing,
The Interpublic Group of Companies Inc,,13B,,PricewaterhouseCoopers LLP.,,New York,673M,,,Senior Vice Presidents,United States,102,Advertising Services,Low Risk,,961M,1.2B,,50k,175,7.5696998,,Parent,,,Frank,359,14.1872,1.3B,North America,Operations Executive,Ribitch,8.3B,,618M,,10.3846,,Public,,,212-704-1200,10022-4731,4.37,26.8812,6.371,9.7B,,7.3699002,,,,New York,,2.4B,73119901,Advertising consultant,,1902,Has Not Opted Out of Direct Marketing,
U.S. Bancorp,,,,Ernst & Young LLP,,Minneapolis,21B,,,Senior Vice Presidents,United States,7k,Banking,Low Risk,,,,,72k,400,1.2859,,Parent,,,Chris,122,,,North America,Operations Executive,Tollafield,80B,,7B,,,,Public,,,651-466-3000,55402-7014,1.4598,15.3024,30.123,25B,,3.7978001,,,,Minnesota,,51B,60210000,National commercial banks,,1929,Has Not Opted Out of Direct Marketing,
U.S. Bancorp,,,,Ernst & Young LLP,,Minneapolis,21B,,,Senior Vice Presidents,United States,7k,Banking,Low Risk,,,,,72k,400,1.2859,,Parent,,,Richard,122,,,North America,Marketing Executive,Martino,80B,,7B,,,,Public,,,651-466-3000,55402-7014,1.4598,15.3024,30.123,25B,,3.7978001,,,,Minnesota,,51B,60210000,National commercial banks,,1929,Has Not Opted Out of Direct Marketing,
The PNC Financial Services Group Inc,,,,PricewaterhouseCoopers LLP,,Pittsburgh,16B,,,Senior Vice Presidents,United States,3.6k,Banking,Low Risk,,,,,52k,,0.29679999,,Parent,,,Sujit,165,,,North America,Information Executive,Ghosh,60B,,5.3B,,,,Public,,,412-762-2000,15222-2401,1.321,10.5837,29.4186,19B,,4.9176002,PO Box 2705,Pittsburgh,,Pennsylvania,Pennsylvania,47B,60210000,National commercial banks,,1983,Has Not Opted Out of Direct Marketing,
The TJX Companies Inc,,15B,,PricewaterhouseCoopers LLP,,Framingham,2.7B,,,Senior Vice Presidents,United States,1.8k,Department Stores,Low Risk,,3.9B,4.7B,,249k,1.8k,,,Parent,,,Stephen,85,28.8933,10B,North America,Information Executive,Krasker,65B,,2.6B,,11.118,,Public,,,508-390-1000,01701-4666,19.3598,54.0009,7.2716,35B,,8.0790005,PO Box 9133,Framingham,,Massachusetts,Delaware,5.1B,53119901,"Department stores, discount",,1956,Has Not Opted Out of Direct Marketing,
Philip Morris International Inc.,,39B,,PricewaterhouseCoopers SA,,New York,6.5B,,,Senior Vice Presidents,United States,148,Tobacco Production,Low Risk,,11B,12B,,80k,,-3.9702001,,Parent,,,Bertrand,108,63.6861,18B,North America,Engineering/Technical Executive,Bonvin,133B,,7.9B,,38.264999,,Public,,,917-663-2000,10017-5577,19.0772,,26.6498,79B,,3.0506001,,,,New York,Virginia,-10B,21110000,Cigarettes,,1987,Has Not Opted Out of Direct Marketing,
Intel Corporation,,127B,,Ernst & Young LLP,,Santa Clara,3B,,,Vice Presidents,United States,11k,Computer and Peripheral Equipment Manufacturing,Low Risk,,23B,32B,mohsen.alavi@intel.com,102k,,,,Parent,,,Mohsen,46,61.7336,43B,North America,Division Head Executive,Alavi,253B,,21B,,32.8083,,Public,,,408-765-8080,95054-1537,16.7611,29.0653,29.7157,70B,,12.8854,PO Box 58119,Santa Clara,,California,Delaware,74B,35770000,"Computer peripheral equipment, nec",,1968,Has Not Opted Out of Direct Marketing,
Intel Corporation,,127B,,Ernst & Young LLP,,Santa Clara,3B,,,Vice Presidents,United States,11k,Computer and Peripheral Equipment Manufacturing,Low Risk,,23B,32B,marina.alekseeva@intel.com,102k,,,,Parent,,,Marina,46,61.7336,43B,North America,Division Head Executive,Alekseeva,253B,B,21B,,32.8083,,Public,,,408-765-8080,95054-1537,16.7611,29.0653,29.7157,70B,,12.8854,PO Box 58119,Santa Clara,,California,Delaware,74B,35770000,"Computer peripheral equipment, nec",,1968,Has Not Opted Out of Direct Marketing,
Intel Corporation,,127B,,Ernst & Young LLP,,Santa Clara,3B,,,Vice Presidents,United States,11k,Computer and Peripheral Equipment Manufacturing,Low Risk,,23B,32B,,102k,,,,Parent,,,Christopher,46,61.7336,43B,North America,Division Head Executive,Auth,253B,P,21B,,32.8083,,Public,,,408-765-8080,95054-1537,16.7611,29.0653,29.7157,70B,,12.8854,PO Box 58119,Santa Clara,,California,Delaware,74B,35770000,"Computer peripheral equipment, nec",,1968,Has Not Opted Out of Direct Marketing,
Intel Corporation,,127B,,Ernst & Young LLP,,Santa Clara,3B,,,Vice Presidents,United States,11k,Computer and Peripheral Equipment Manufacturing,Low Risk,,23B,32B,,102k,,,,Parent,,,Hamid,46,61.7336,43B,North America,Division Head Executive,Azimi,253B,R,21B,,32.8083,,Public,,,408-765-8080,95054-1537,16.7611,29.0653,29.7157,70B,,12.8854,PO Box 58119,Santa Clara,,California,Delaware,74B,35770000,"Computer peripheral equipment, nec",,1968,Has Not Opted Out of Direct Marketing,
Intel Corporation,,127B,,Ernst & Young LLP,,Santa Clara,3B,,,Vice Presidents,United States,11k,Computer and Peripheral Equipment Manufacturing,Low Risk,,23B,32B,,102k,,,,Parent,,,Elkana,46,61.7336,43B,North America,Division Head Executive,Ben-Sinai,253B,,21B,,32.8083,,Public,,,408-765-8080,95054-1537,16.7611,29.0653,29.7157,70B,,12.8854,PO Box 58119,Santa Clara,,California,Delaware,74B,35770000,"Computer peripheral equipment, nec",,1968,Has Not Opted Out of Direct Marketing,
Intel Corporation,,127B,,Ernst & Young LLP,,Santa Clara,3B,,,Vice Presidents,United States,11k,Computer and Peripheral Equipment Manufacturing,Low Risk,,23B,32B,,102k,,,,Parent,,,Daniel,46,61.7336,43B,North America,Division Head Executive,Benatar,253B,,21B,,32.8083,,Public,,,408-765-8080,95054-1537,16.7611,29.0653,29.7157,70B,,12.8854,PO Box 58119,Santa Clara,,California,Delaware,74B,35770000,"Computer peripheral equipment, nec",,1968,Has Not Opted Out of Direct Marketing,
Intel Corporation,,127B,,Ernst & Young LLP,,Santa Clara,3B,,,Vice Presidents,United States,11k,Computer and Peripheral Equipment Manufacturing,Low Risk,,23B,32B,sandeep.bharathi@intel.com,102k,,,,Parent,,,Sandeep,46,61.7336,43B,North America,Division Head Executive,Bharathi,253B,G,21B,,32.8083,,Public,,,408-765-8080,95054-1537,16.7611,29.0653,29.7157,70B,,12.8854,PO Box 58119,Santa Clara,,California,Delaware,74B,35770000,"Computer peripheral equipment, nec",,1968,Has Not Opted Out of Direct Marketing,
Intel Corporation,,127B,,Ernst & Young LLP,,Santa Clara,3B,,,Vice Presidents,United States,11k,Computer and Peripheral Equipment Manufacturing,Low Risk,,23B,32B,,102k,,,,Parent,,,Alexis,46,61.7336,43B,North America,Division Head Executive,Bjorlin,253B,B,21B,,32.8083,,Public,,,408-765-8080,95054-1537,16.7611,29.0653,29.7157,70B,,12.8854,PO Box 58119,Santa Clara,,California,Delaware,74B,35770000,"Computer peripheral equipment, nec",,1968,Has Not Opted Out of Direct Marketing,
Intel Corporation,,127B,,Ernst & Young LLP,,Santa Clara,3B,,,Vice Presidents,United States,11k,Computer and Peripheral Equipment Manufacturing,Low Risk,,23B,32B,john.bonini@intel.com,102k,,,,Parent,,,John,46,61.7336,43B,North America,Division Head Executive,Bonini,253B,F,21B,,32.8083,,Public,,,408-765-8080,95054-1537,16.7611,29.0653,29.7157,70B,,12.8854,PO Box 58119,Santa Clara,,California,Delaware,74B,35770000,"Computer peripheral equipment, nec",,1968,Has Not Opted Out of Direct Marketing,
Intel Corporation,,127B,,Ernst & Young LLP,,Santa Clara,3B,,,Vice Presidents,United States,11k,Computer and Peripheral Equipment Manufacturing,Low Risk,,23B,32B,,102k,,,,Parent,,,Christopher,46,61.7336,43B,North America,Division Head Executive,Bruno,253B,J,21B,,32.8083,,Public,,,408-765-8080,95054-1537,16.7611,29.0653,29.7157,70B,,12.8854,PO Box 58119,Santa Clara,,California,Delaware,74B,35770000,"Computer peripheral equipment, nec",,1968,Has Not Opted Out of Direct Marketing,
Intel Corporation,,127B,,Ernst & Young LLP,,Santa Clara,3B,,,Vice Presidents,United States,11k,Computer and Peripheral Equipment Manufacturing,Low Risk,,23B,32B,,102k,,,,Parent,,,Margaret,46,61.7336,43B,North America,Division Head Executive,Burgraff,253B,,21B,,32.8083,,Public,,,408-765-8080,95054-1537,16.7611,29.0653,29.7157,70B,,12.8854,PO Box 58119,Santa Clara,,California,Delaware,74B,35770000,"Computer peripheral equipment, nec",,1968,Has Not Opted Out of Direct Marketing,
Intel Corporation,,127B,,Ernst & Young LLP,,Santa Clara,3B,,,Vice Presidents,United States,11k,Computer and Peripheral Equipment Manufacturing,Low Risk,,23B,32B,,102k,,,,Parent,,,Kenneth,46,61.7336,43B,North America,Division Head Executive,Caviasca,253B,P,21B,,32.8083,,Public,,,408-765-8080,95054-1537,16.7611,29.0653,29.7157,70B,,12.8854,PO Box 58119,Santa Clara,,California,Delaware,74B,35770000,"Computer peripheral equipment, nec",,1968,Has Not Opted Out of Direct Marketing,
Intel Corporation,,127B,,Ernst & Young LLP,,Santa Clara,3B,,,Vice Presidents,United States,11k,Computer and Peripheral Equipment Manufacturing,Low Risk,,23B,32B,,102k,,,,Parent,,,Alice,46,61.7336,43B,North America,Division Head Executive,Chan,253B,,21B,,32.8083,,Public,,,408-765-8080,95054-1537,16.7611,29.0653,29.7157,70B,,12.8854,PO Box 58119,Santa Clara,,California,Delaware,74B,35770000,"Computer peripheral equipment, nec",,1968,Has Not Opted Out of Direct Marketing,
Intel Corporation,,127B,,Ernst & Young LLP,,Santa Clara,3B,,,Vice Presidents,United States,11k,Computer and Peripheral Equipment Manufacturing,Low Risk,,23B,32B,,102k,,,,Parent,,,Yu,46,61.7336,43B,North America,Division Head Executive,Chow,253B,Teong,21B,,32.8083,,Public,,,408-765-8080,95054-1537,16.7611,29.0653,29.7157,70B,,12.8854,PO Box 58119,Santa Clara,,California,Delaware,74B,35770000,"Computer peripheral equipment, nec",,1968,Has Not Opted Out of Direct Marketing,
Intel Corporation,,127B,,Ernst & Young LLP,,Santa Clara,3B,,,Vice Presidents,United States,11k,Computer and Peripheral Equipment Manufacturing,Low Risk,,23B,32B,,102k,,,,Parent,,,Reynold,46,61.7336,43B,North America,Division Head Executive,D'Sa,253B,,21B,,32.8083,,Public,,,408-765-8080,95054-1537,16.7611,29.0653,29.7157,70B,,12.8854,PO Box 58119,Santa Clara,,California,Delaware,74B,35770000,"Computer peripheral equipment, nec",,1968,Has Not Opted Out of Direct Marketing,
Intel Corporation,,127B,,Ernst & Young LLP,,Santa Clara,3B,,,Vice Presidents,United States,11k,Computer and Peripheral Equipment Manufacturing,Low Risk,,23B,32B,,102k,,,,Parent,,,Bradley,46,61.7336,43B,North America,Division Head Executive,Dendinger,253B,M,21B,,32.8083,,Public,,,408-765-8080,95054-1537,16.7611,29.0653,29.7157,70B,,12.8854,PO Box 58119,Santa Clara,,California,Delaware,74B,35770000,"Computer peripheral equipment, nec",,1968,Has Not Opted Out of Direct Marketing,
Intel Corporation,,127B,,Ernst & Young LLP,,Santa Clara,3B,,,Vice Presidents,United States,11k,Computer and Peripheral Equipment Manufacturing,Low Risk,,23B,32B,,102k,,,,Parent,,,Yaoguo,46,61.7336,43B,North America,Division Head Executive,Ding,253B,,21B,,32.8083,,Public,,,408-765-8080,95054-1537,16.7611,29.0653,29.7157,70B,,12.8854,PO Box 58119,Santa Clara,,California,Delaware,74B,35770000,"Computer peripheral equipment, nec",,1968,Has Not Opted Out of Direct Marketing,
Intel Corporation,,127B,,Ernst & Young LLP,,Santa Clara,3B,,,Vice Presidents,United States,11k,Computer and Peripheral Equipment Manufacturing,Low Risk,,23B,32B,,102k,,,,Parent,,,Ricardo,46,61.7336,43B,North America,Division Head Executive,Echevarria,253B,J,21B,,32.8083,,Public,,,408-765-8080,95054-1537,16.7611,29.0653,29.7157,70B,,12.8854,PO Box 58119,Santa Clara,,California,Delaware,74B,35770000,"Computer peripheral equipment, nec",,1968,Has Not Opted Out of Direct Marketing,
Intel Corporation,,127B,,Ernst & Young LLP,,Santa Clara,3B,,,Vice Presidents,United States,11k,Computer and Peripheral Equipment Manufacturing,Low Risk,,23B,32B,,102k,,,,Parent,,,Gregory,46,61.7336,43B,North America,Division Head Executive,Ernst,253B,,21B,,32.8083,,Public,,,408-765-8080,95054-1537,16.7611,29.0653,29.7157,70B,,12.8854,PO Box 58119,Santa Clara,,California,Delaware,74B,35770000,"Computer peripheral equipment, nec",,1968,Has Not Opted Out of Direct Marketing,
Intel Corporation,,127B,,Ernst & Young LLP,,Santa Clara,3B,,,Vice Presidents,United States,11k,Computer and Peripheral Equipment Manufacturing,Low Risk,,23B,32B,maxine.fassberg@intel.com,102k,,,,Parent,,,Maxine,46,61.7336,43B,North America,Division Head Executive,Fassberg,253B,,21B,,32.8083,,Public,,,408-765-8080,95054-1537,16.7611,29.0653,29.7157,70B,,12.8854,PO Box 58119,Santa Clara,,California,Delaware,74B,35770000,"Computer peripheral equipment, nec",,1968,Has Not Opted Out of Direct Marketing,
Intel Corporation,,127B,,Ernst & Young LLP,,Santa Clara,3B,,,Vice Presidents,United States,11k,Computer and Peripheral Equipment Manufacturing,Low Risk,,23B,32B,,102k,,,,Parent,,,Philip,46,61.7336,43B,North America,Division Head Executive,Gadd,253B,L,21B,,32.8083,,Public,,,408-765-8080,95054-1537,16.7611,29.0653,29.7157,70B,,12.8854,PO Box 58119,Santa Clara,,California,Delaware,74B,35770000,"Computer peripheral equipment, nec",,1968,Has Not Opted Out of Direct Marketing,
Intel Corporation,,127B,,Ernst & Young LLP,,Santa Clara,3B,,,Vice Presidents,United States,11k,Computer and Peripheral Equipment Manufacturing,Low Risk,,23B,32B,,102k,,,,Parent,,,Raghupathy,46,61.7336,43B,North America,Division Head Executive,Giridhar,253B,V,21B,,32.8083,,Public,,,408-765-8080,95054-1537,16.7611,29.0653,29.7157,70B,,12.8854,PO Box 58119,Santa Clara,,California,Delaware,74B,35770000,"Computer peripheral equipment, nec",,1968,Has Not Opted Out of Direct Marketing,
Intel Corporation,,127B,,Ernst & Young LLP,,Santa Clara,3B,,,Vice Presidents,United States,11k,Computer and Peripheral Equipment Manufacturing,Low Risk,,23B,32B,,102k,,,,Parent,,,Stephanie,46,61.7336,43B,North America,Division Head Executive,Hallford,253B,L,21B,,32.8083,,Public,,,408-765-8080,95054-1537,16.7611,29.0653,29.7157,70B,,12.8854,PO Box 58119,Santa Clara,,California,Delaware,74B,35770000,"Computer peripheral equipment, nec",,1968,Has Not Opted Out of Direct Marketing,
Intel Corporation,,127B,,Ernst & Young LLP,,Santa Clara,3B,,,Vice Presidents,United States,11k,Computer and Peripheral Equipment Manufacturing,Low Risk,,23B,32B,ziv.hammer@intel.com,102k,,,,Parent,,,Ziv,46,61.7336,43B,North America,Division Head Executive,Hammer,253B,,21B,,32.8083,,Public,,,408-765-8080,95054-1537,16.7611,29.0653,29.7157,70B,,12.8854,PO Box 58119,Santa Clara,,California,Delaware,74B,35770000,"Computer peripheral equipment, nec",,1968,Has Not Opted Out of Direct Marketing,
Intel Corporation,,127B,,Ernst & Young LLP,,Santa Clara,3B,,,Vice Presidents,United States,11k,Computer and Peripheral Equipment Manufacturing,Low Risk,,23B,32B,robert.hays@intel.com,102k,,,,Parent,,,Robert,46,61.7336,43B,North America,Division Head Executive,Hays,253B,C,21B,,32.8083,,Public,,,408-765-8080,95054-1537,16.7611,29.0653,29.7157,70B,,12.8854,PO Box 58119,Santa Clara,,California,Delaware,74B,35770000,"Computer peripheral equipment, nec",,1968,Has Not Opted Out of Direct Marketing,
Intel Corporation,,127B,,Ernst & Young LLP,,Santa Clara,3B,,,Vice Presidents,United States,11k,Computer and Peripheral Equipment Manufacturing,Low Risk,,23B,32B,,102k,,,,Parent,,,John,46,61.7336,43B,North America,Division Head Executive,Healy,253B,,21B,,32.8083,,Public,,,408-765-8080,95054-1537,16.7611,29.0653,29.7157,70B,,12.8854,PO Box 58119,Santa Clara,,California,Delaware,74B,35770000,"Computer peripheral equipment, nec",,1968,Has Not Opted Out of Direct Marketing,
Intel Corporation,,127B,,Ernst & Young LLP,,Santa Clara,3B,,,Vice Presidents,United States,11k,Computer and Peripheral Equipment Manufacturing,Low Risk,,23B,32B,,102k,,,,Parent,,,Bradley,46,61.7336,43B,North America,Division Head Executive,Heaney,253B,G,21B,,32.8083,,Public,,,408-765-8080,95054-1537,16.7611,29.0653,29.7157,70B,,12.8854,PO Box 58119,Santa Clara,,California,Delaware,74B,35770000,"Computer peripheral equipment, nec",,1968,Has Not Opted Out of Direct Marketing,
Intel Corporation,,127B,,Ernst & Young LLP,,Santa Clara,3B,,,Vice Presidents,United States,11k,Computer and Peripheral Equipment Manufacturing,Low Risk,,23B,32B,daaman.hejmadi@intel.com,102k,,,,Parent,,,Daaman,46,61.7336,43B,North America,Division Head Executive,Hejmadi,253B,,21B,,32.8083,,Public,,,408-765-8080,95054-1537,16.7611,29.0653,29.7157,70B,,12.8854,PO Box 58119,Santa Clara,,California,Delaware,74B,35770000,"Computer peripheral equipment, nec",,1968,Has Not Opted Out of Direct Marketing,
Intel Corporation,,127B,,Ernst & Young LLP,,Santa Clara,3B,,,Vice Presidents,United States,11k,Computer and Peripheral Equipment Manufacturing,Low Risk,,23B,32B,,102k,,,,Parent,,,Brian,46,61.7336,43B,North America,Division Head Executive,Hernacki,253B,J,21B,,32.8083,,Public,,,408-765-8080,95054-1537,16.7611,29.0653,29.7157,70B,,12.8854,PO Box 58119,Santa Clara,,California,Delaware,74B,35770000,"Computer peripheral equipment, nec",,1968,Has Not Opted Out of Direct Marketing,
Intel Corporation,,127B,,Ernst & Young LLP,,Santa Clara,3B,,,Vice Presidents,United States,11k,Computer and Peripheral Equipment Manufacturing,Low Risk,,23B,32B,,102k,,,,Parent,,,Rupal,46,61.7336,43B,North America,Division Head Executive,Hollenbeck,253B,Shah,21B,,32.8083,,Public,,,408-765-8080,95054-1537,16.7611,29.0653,29.7157,70B,,12.8854,PO Box 58119,Santa Clara,,California,Delaware,74B,35770000,"Computer peripheral equipment, nec",,1968,Has Not Opted Out of Direct Marketing,
Intel Corporation,,127B,,Ernst & Young LLP,,Santa Clara,3B,,,Vice Presidents,United States,11k,Computer and Peripheral Equipment Manufacturing,Low Risk,,23B,32B,,102k,,,,Parent,,,Michael,46,61.7336,43B,North America,Division Head Executive,Hurley,253B,A,21B,,32.8083,,Public,,,408-765-8080,95054-1537,16.7611,29.0653,29.7157,70B,,12.8854,PO Box 58119,Santa Clara,,California,Delaware,74B,35770000,"Computer peripheral equipment, nec",,1968,Has Not Opted Out of Direct Marketing,
Intel Corporation,,127B,,Ernst & Young LLP,,Santa Clara,3B,,,Vice Presidents,United States,11k,Computer and Peripheral Equipment Manufacturing,Low Risk,,23B,32B,,102k,,,,Parent,,,James,46,61.7336,43B,North America,Division Head Executive,Jackson,253B,D,21B,,32.8083,,Public,,,408-765-8080,95054-1537,16.7611,29.0653,29.7157,70B,,12.8854,PO Box 58119,Santa Clara,,California,Delaware,74B,35770000,"Computer peripheral equipment, nec",,1968,Has Not Opted Out of Direct Marketing,
Intel Corporation,,127B,,Ernst & Young LLP,,Santa Clara,3B,,,Vice Presidents,United States,11k,Computer and Peripheral Equipment Manufacturing,Low Risk,,23B,32B,,102k,,,,Parent,,,Franklin,46,61.7336,43B,North America,Division Head Executive,Jones,253B,B,21B,,32.8083,,Public,,,408-765-8080,95054-1537,16.7611,29.0653,29.7157,70B,,12.8854,PO Box 58119,Santa Clara,,California,Delaware,74B,35770000,"Computer peripheral equipment, nec",,1968,Has Not Opted Out of Direct Marketing,
Intel Corporation,,127B,,Ernst & Young LLP,,Santa Clara,3B,,,Vice Presidents,United States,11k,Computer and Peripheral Equipment Manufacturing,Low Risk,,23B,32B,valentin.kaplan@intel.com,102k,,,,Parent,,,Valentin,46,61.7336,43B,North America,Division Head Executive,Kaplan,253B,D,21B,,32.8083,,Public,,,408-765-8080,95054-1537,16.7611,29.0653,29.7157,70B,,12.8854,PO Box 58119,Santa Clara,,California,Delaware,74B,35770000,"Computer peripheral equipment, nec",,1968,Has Not Opted Out of Direct Marketing,
Intel Corporation,,127B,,Ernst & Young LLP,,Santa Clara,3B,,,Vice Presidents,United States,11k,Computer and Peripheral Equipment Manufacturing,Low Risk,,23B,32B,,102k,,,,Parent,,,Christopher,46,61.7336,43B,North America,Division Head Executive,Kenyon,253B,N,21B,,32.8083,,Public,,,408-765-8080,95054-1537,16.7611,29.0653,29.7157,70B,,12.8854,PO Box 58119,Santa Clara,,California,Delaware,74B,35770000,"Computer peripheral equipment, nec",,1968,Has Not Opted Out of Direct Marketing,
Intel Corporation,,127B,,Ernst & Young LLP,,Santa Clara,3B,,,Vice Presidents,United States,11k,Computer and Peripheral Equipment Manufacturing,Low Risk,,23B,32B,doug.klucevek@intel.com,102k,,,,Parent,,,Doug,46,61.7336,43B,North America,Division Head Executive,Klucevek,253B,B,21B,,32.8083,,Public,,,408-765-8080,95054-1537,16.7611,29.0653,29.7157,70B,,12.8854,PO Box 58119,Santa Clara,,California,Delaware,74B,35770000,"Computer peripheral equipment, nec",,1968,Has Not Opted Out of Direct Marketing,
Intel Corporation,,127B,,Ernst & Young LLP,,Santa Clara,3B,,,Vice Presidents,United States,11k,Computer and Peripheral Equipment Manufacturing,Low Risk,,23B,32B,,102k,,,,Parent,,,Patricia,46,61.7336,43B,North America,Division Head Executive,Kummrow,253B,L,21B,,32.8083,,Public,,,408-765-8080,95054-1537,16.7611,29.0653,29.7157,70B,,12.8854,PO Box 58119,Santa Clara,,California,Delaware,74B,35770000,"Computer peripheral equipment, nec",,1968,Has Not Opted Out of Direct Marketing,
Intel Corporation,,127B,,Ernst & Young LLP,,Santa Clara,3B,,,Vice Presidents,United States,11k,Computer and Peripheral Equipment Manufacturing,Low Risk,,23B,32B,herng.liu@intel.com,102k,,,,Parent,,,Herng,46,61.7336,43B,North America,Division Head Executive,Liu,253B,,21B,,32.8083,,Public,,,408-765-8080,95054-1537,16.7611,29.0653,29.7157,70B,,12.8854,PO Box 58119,Santa Clara,,California,Delaware,74B,35770000,"Computer peripheral equipment, nec",,1968,Has Not Opted Out of Direct Marketing,
Intel Corporation,,127B,,Ernst & Young LLP,,Santa Clara,3B,,,Vice Presidents,United States,11k,Computer and Peripheral Equipment Manufacturing,Low Risk,,23B,32B,,102k,,,,Parent,,,Zhiyong,46,61.7336,43B,North America,Division Head Executive,Ma,253B,,21B,,32.8083,,Public,,,408-765-8080,95054-1537,16.7611,29.0653,29.7157,70B,,12.8854,PO Box 58119,Santa Clara,,California,Delaware,74B,35770000,"Computer peripheral equipment, nec",,1968,Has Not Opted Out of Direct Marketing,
Intel Corporation,,127B,,Ernst & Young LLP,,Santa Clara,3B,,,Vice Presidents,United States,11k,Computer and Peripheral Equipment Manufacturing,Low Risk,,23B,32B,ziya.ma@intel.com,102k,,,,Parent,,,Ziya,46,61.7336,43B,North America,Division Head Executive,Ma,253B,,21B,,32.8083,,Public,,,408-765-8080,95054-1537,16.7611,29.0653,29.7157,70B,,12.8854,PO Box 58119,Santa Clara,,California,Delaware,74B,35770000,"Computer peripheral equipment, nec",,1968,Has Not Opted Out of Direct Marketing,
Intel Corporation,,127B,,Ernst & Young LLP,,Santa Clara,3B,,,Vice Presidents,United States,11k,Computer and Peripheral Equipment Manufacturing,Low Risk,,23B,32B,,102k,,,,Parent,,,Anne,46,61.7336,43B,North America,Division Head Executive,Mcswiggan,253B,,21B,,32.8083,,Public,,,408-765-8080,95054-1537,16.7611,29.0653,29.7157,70B,,12.8854,PO Box 58119,Santa Clara,,California,Delaware,74B,35770000,"Computer peripheral equipment, nec",,1968,Has Not Opted Out of Direct Marketing,
Intel Corporation,,127B,,Ernst & Young LLP,,Santa Clara,3B,,,Vice Presidents,United States,11k,Computer and Peripheral Equipment Manufacturing,Low Risk,,23B,32B,,102k,,,,Parent,,,W Eric,46,61.7336,43B,North America,Division Head Executive,Mentzer,253B,,21B,,32.8083,,Public,,,408-765-8080,95054-1537,16.7611,29.0653,29.7157,70B,,12.8854,PO Box 58119,Santa Clara,,California,Delaware,74B,35770000,"Computer peripheral equipment, nec",,1968,Has Not Opted Out of Direct Marketing,
Intel Corporation,,127B,,Ernst & Young LLP,,Santa Clara,3B,,,Vice Presidents,United States,11k,Computer and Peripheral Equipment Manufacturing,Low Risk,,23B,32B,,102k,,,,Parent,,,Franz,46,61.7336,43B,North America,Division Head Executive,Neppl,253B,,21B,,32.8083,,Public,,,408-765-8080,95054-1537,16.7611,29.0653,29.7157,70B,,12.8854,PO Box 58119,Santa Clara,,California,Delaware,74B,35770000,"Computer peripheral equipment, nec",,1968,Has Not Opted Out of Direct Marketing,
Intel Corporation,,127B,,Ernst & Young LLP,,Santa Clara,3B,,,Vice Presidents,United States,11k,Computer and Peripheral Equipment Manufacturing,Low Risk,,23B,32B,,102k,,,,Parent,,,Kim,46,61.7336,43B,North America,Division Head Executive,Ooi,253B,Huat,21B,,32.8083,,Public,,,408-765-8080,95054-1537,16.7611,29.0653,29.7157,70B,,12.8854,PO Box 58119,Santa Clara,,California,Delaware,74B,35770000,"Computer peripheral equipment, nec",,1968,Has Not Opted Out of Direct Marketing,
Intel Corporation,,127B,,Ernst & Young LLP,,Santa Clara,3B,,,Vice Presidents,United States,11k,Computer and Peripheral Equipment Manufacturing,Low Risk,,23B,32B,,102k,,,,Parent,,,Timothy,46,61.7336,43B,North America,Division Head Executive,Parker,253B,Q,21B,,32.8083,,Public,,,408-765-8080,95054-1537,16.7611,29.0653,29.7157,70B,,12.8854,PO Box 58119,Santa Clara,,California,Delaware,74B,35770000,"Computer peripheral equipment, nec",,1968,Has Not Opted Out of Direct Marketing,
Intel Corporation,,127B,,Ernst & Young LLP,,Santa Clara,3B,,,Vice Presidents,United States,11k,Computer and Peripheral Equipment Manufacturing,Low Risk,,23B,32B,,102k,,,,Parent,,,David,46,61.7336,43B,North America,Division Head Executive,Pullen,253B,,21B,,32.8083,,Public,,,408-765-8080,95054-1537,16.7611,29.0653,29.7157,70B,,12.8854,PO Box 58119,Santa Clara,,California,Delaware,74B,35770000,"Computer peripheral equipment, nec",,1968,Has Not Opted Out of Direct Marketing,
Intel Corporation,,127B,,Ernst & Young LLP,,Santa Clara,3B,,,Vice Presidents,United States,11k,Computer and Peripheral Equipment Manufacturing,Low Risk,,23B,32B,,102k,,,,Parent,,,Sambit,46,61.7336,43B,North America,Division Head Executive,Sahu,253B,,21B,,32.8083,,Public,,,408-765-8080,95054-1537,16.7611,29.0653,29.7157,70B,,12.8854,PO Box 58119,Santa Clara,,California,Delaware,74B,35770000,"Computer peripheral equipment, nec",,1968,Has Not Opted Out of Direct Marketing,
Intel Corporation,,127B,,Ernst & Young LLP,,Santa Clara,3B,,,Vice Presidents,United States,11k,Computer and Peripheral Equipment Manufacturing,Low Risk,,23B,32B,werner.schaefer@intel.com,102k,,,,Parent,,,Werner,46,61.7336,43B,North America,Division Head Executive,Schaefer,253B,G,21B,,32.8083,,Public,,,408-765-8080,95054-1537,16.7611,29.0653,29.7157,70B,,12.8854,PO Box 58119,Santa Clara,,California,Delaware,74B,35770000,"Computer peripheral equipment, nec",,1968,Has Not Opted Out of Direct Marketing,
Intel Corporation,,127B,,Ernst & Young LLP,,Santa Clara,3B,,,Vice Presidents,United States,11k,Computer and Peripheral Equipment Manufacturing,Low Risk,,23B,32B,,102k,,,,Parent,,,Rosemary,46,61.7336,43B,North America,Division Head Executive,Schooler,253B,M,21B,,32.8083,,Public,,,408-765-8080,95054-1537,16.7611,29.0653,29.7157,70B,,12.8854,PO Box 58119,Santa Clara,,California,Delaware,74B,35770000,"Computer peripheral equipment, nec",,1968,Has Not Opted Out of Direct Marketing,
Intel Corporation,,127B,,Ernst & Young LLP,,Santa Clara,3B,,,Vice Presidents,United States,11k,Computer and Peripheral Equipment Manufacturing,Low Risk,,23B,32B,,102k,,,,Parent,,,Karin,46,61.7336,43B,North America,Division Head Executive,Segal,253B,Eibschitz,21B,,32.8083,,Public,,,408-765-8080,95054-1537,16.7611,29.0653,29.7157,70B,,12.8854,PO Box 58119,Santa Clara,,California,Delaware,74B,35770000,"Computer peripheral equipment, nec",,1968,Has Not Opted Out of Direct Marketing,
